Workbook
Name alpha: Results!$D$10:$D$88
Name B_331: #REF!
Name b_331_uc: #REF!
Name beta: Results!$E$10:$E$88
Name C_1: 'Universal Bridge'!$F$4
Name C_unit_mult: '[1]Universal Bridge'!$H$41:$I$57
Name correction_c: 'Universal Bridge'!$G$12
Name corrections: 'Universal Bridge'!$F$23:$H$39
Name Data: 'Universal Bridge'!$L$2:$T$12
Name Date: Results!$A$8
Name G_1: 'Universal Bridge'!$F$8
Name G_2: 'Universal Bridge'!$F$9
Name G_unit_mult: '[1]Universal Bridge'!$K$41:$L$57
Name history: Historical!$A$99:$AG$105
Name Inductance: Results!$F$11:$F$30
Name inductor1: pyUBresults!$A$1:$AI$23
Name L_standard_uncertainty: Uncertainty!$C$24
Name L_unit_multiplier: 'Universal Bridge'!$H$41:$I$57
Name L_v: Uncertainty!$F$24
Name label: Uncertainty!$B$9
Name multiplier: 'Universal Bridge'!$F$41:$N$55
Name Nominal_Value: Report!$B$8:$B$16
Name Old_date: Results!#REF!
Name Old_Inductance: Results!$N$9:$N$30
Name Old_Resistance: Results!$Q$9:$Q$30
Name Params: Uncertainty!$S$5:$AA$59
Name previous: Historical!$B$2:$Z$22
Name R_4A: 'Universal Bridge'!$F$5
Name R_4B: 'Universal Bridge'!$F$6
Name R_4C: 'Universal Bridge'!$F$7
Name R_standard_uncertainty: Uncertainty!$C$47
Name R_unit_multiplier: 'Universal Bridge'!$K$41:$L$57
Name R_v: Uncertainty!$F$47
Name Range: Results!$C$10:$C$88
Name Rangex: Results!$B$10:$J$88
Name Record: 'Universal Bridge'!$A$5:$C$21
Name Resistance: Results!$H$11:$H$30
Name Results: Results!$B$9:$S$67
Name tag: #REF!
Name Tap_No: Results!#REF!
Name ub_uncertainty: Uncertainty!$AB$5:$AF$59
Name Uncertainty: Uncertainty!$T$5:$X$24
Name zeros: 'Universal Bridge'!$O$20:$Q$42

Sheet Commentary
A1: Start with spreadsheet S21740 from the July 2009 calibration.
A2: Remove all repeats from Results sheet
A3: Temperature correction updated for GMH51
A4: Measured frequency included, but not really necessary
A5: Results transcribed from AI VII
A6: Room data logger information for Primary Lab insered in 'Room data logger' sheet
A7: Replace 'Universal Bridge' page with the same from S21942b, change zeros block and reference.
A8: Insert uncertainty sheet from S21942b, with subsequent modifications but not to the UB uncertainty
A9: The copper temperature coefficient is identical for all, but I have left the parameter table that would allow variation by component.
A10: Add worksheet 'Histroical' to give a cleaner graphical view of previous calibrations, but some of the data is still picked up off the 'Previous History' worksheet.
A11: Resolution term for L in uncertainty, cell B40, has been made consistent with the CMC formula.
A13: On results page there is an analysis of HP4284 measurements designed to cross-check that the 600 microH result is reasonable (oscillation problem).
... A32: All worksheet in this job marked as this cell
A33: Job | B33: MSLJob3176.
A34: S_Number | B34: S22167
A35: Historical Analysing in “Historical!”

Sheet pyUBreadings
A1: Template for impedances
A2: 1 | B2: 2 | D2: 3 | E2: 4 | F2: 5 | G2: 6 | H2: 7 | I2: 8 | J2: 9 | K2: 10 | L2: 11 | M2: 12 | N2: 13 | O2: 14 | P2: 15 | Q2: 16 | R2: 17
A3: Impedance | B3: sullivan | E3: Client | F3: Babcock | K3: Enter, say, 5 ppm as 5e-6
A4: Date from | B4: 45792 | E4: Job number | F4: MSLJob3176 | K4: 1 sigma uncertainties from specifications
A5: to | B5: 46158 | E5: S Number | F5: S22167
D6: Data from lab book | F6: check! | G6: check! | H6: Data from specifications and other sources
A7: Item | B7: Nominal Frequency | C7: Range | D7: xdial | E7: rdial | F7: Frequency | G7: Temperature | H7: u | I7: df | J7: Temp coeff L | K7: u | L7: df | M7: Temp coeff R | N7: u | O7: df | P7: Other | Q7: u | R7: df
B8: Hz | F8: Hz | G8: °C
A9: coax zero | B9: 1591.5 | C9: 3Z | D9: -1 | E9: -10 | F9: 1592.54 | G9: 20.76 | H9: 0.5 | I9: 10 | J9: 2e-05 | K9: 1e-06 | L9: 10 | M9: 0.004 | N9: 0.0002 | O9: 10
A10: A1 | B10: 1591.5 | C10: 3Z | D10: 99364 | E10: 571520 | F10: 1592.34 | G10: 20.88 | H10: 0.5 | I10: 10 | J10: 2e-05 | K10: 1e-06 | L10: 10 | M10: 0.004 | N10: 0.0002 | O10: 10
A11: A2 | B11: 1591.5 | C11: 3Z | D11: 197974 | E11: 841874 | F11: 1592.19 | G11: 20.87 | H11: 0.5 | I11: 10 | J11: 2e-05 | K11: 1e-06 | L11: 10 | M11: 0.004 | N11: 0.0002 | O11: 10
A12: A3 | B12: 1591.5 | C12: 3Z | D12: 296819 | E12: 1070422 | F12: 1593.41 | G12: 20.65 | H12: 0.5 | I12: 10 | J12: 2e-05 | K12: 1e-06 | L12: 10 | M12: 0.004 | N12: 0.0002 | O12: 10
A13: A4 | B13: 1591.5 | C13: 3Z | D13: 394747 | E13: 1269967 | F13: 1592.77 | G13: 20.76 | H13: 0.5 | I13: 10 | J13: 2e-05 | K13: 1e-06 | L13: 10 | M13: 0.004 | N13: 0.0002 | O13: 10
A14: A5 | B14: 1591.5 | C14: 3Z | D14: 493101 | E14: 1447708 | F14: 1592.47 | G14: 20.82 | H14: 0.5 | I14: 10 | J14: 2e-05 | K14: 1e-06 | L14: 10 | M14: 0.004 | N14: 0.0002 | O14: 10
A15: A6 | B15: 1591.5 | C15: 3Z | D15: 591332 | E15: 1617418 | F15: 1591.8 | G15: 20.66 | H15: 0.5 | I15: 10 | J15: 2e-05 | K15: 1e-06 | L15: 10 | M15: 0.004 | N15: 0.0002 | O15: 10
A16: A7 | B16: 1591.5 | C16: 3Z | D16: 688992 | E16: 1782538 | F16: 1591.74 | G16: 20.62 | H16: 0.5 | I16: 10 | J16: 2e-05 | K16: 1e-06 | L16: 10 | M16: 0.004 | N16: 0.0002 | O16: 10
A17: A8 | B17: 1591.5 | C17: 3Z | D17: 786206 | E17: 1934775 | F17: 1591.67 | G17: 20.68 | H17: 0.5 | I17: 10 | J17: 2e-05 | K17: 1e-06 | L17: 10 | M17: 0.004 | N17: 0.0002 | O17: 10
A18: A9 | B18: 1591.5 | C18: 3Z | D18: 883126 | E18: 2081205 | F18: 1591.51 | G18: 20.72 | H18: 0.5 | I18: 10 | J18: 2e-05 | K18: 1e-06 | L18: 10 | M18: 0.004 | N18: 0.0002 | O18: 10
A19: A10 | B19: 1591.5 | C19: 3Z | D19: 980165 | E19: 2229664 | F19: 1592.88 | G19: 20.73 | H19: 0.5 | I19: 10 | J19: 2e-05 | K19: 1e-06 | L19: 10 | M19: 0.004 | N19: 0.0002 | O19: 10
A20: coax zero | B20: 1591.5 | C20: 2Z | D20: -3 | E20: -12 | F20: 1593.08 | G20: 20.79 | H20: 0.5 | I20: 10 | J20: 2e-05 | K20: 1e-06 | L20: 10 | M20: 0.004 | N20: 0.0002 | O20: 10
... A30: B10 | B30: 1591.5 | C30: 2Z | D30: 984585 | E30: 4826330 | F30: 1595.54 | G30: 19.79 | H30: 0.5 | I30: 10 | J30: 2e-05 | K30: 1e-06 | L30: 10 | M30: 0.004 | N30: 0.0002 | O30: 10
G33: =AVERAGE(G9:G31) -> 20.706364
G34: =STDEV(G9:G31) -> 0.21849148

Sheet freq_coeff
A1: Some checks were made on the frequency sensitivity of the impedance measurements.
A2: This follows from observing that the Muirhead decade inductors showed a high, but manageable, variation of resistance with frequency. (Up to 70 ppm/Hz for resistance and up to 2.5 ppm/Hz for inductance.)
A3: Conclusion is that the frequency dependence is not significant for the Sullivan inductors | T3: A10 R | V3: A10 L
A4: Assume effect is largest on the higher value inductor | S4: =H50 -> 1432.4 | T4: =K66 -> 22.225448 | U4: =L66 -> 5.3746917e-05 | V4: =N66 -> 0.0098071266 | W4: =O66 -> 1.0879577e-08
A5: A manual LCR check was made on 13/6/25 in AI VIII | S5: =H68 -> 1512.4 | T5: =K84 -> 22.235738 | U5: =L84 -> 0.00013118909 | V5: =N84 -> 0.0098060239 | W5: =O84 -> 8.2021586e-09
S6: =H86 -> 1591.5 | T6: =K102 -> 22.24564 | U6: =L102 -> 8.6568066e-05 | V6: =N102 -> 0.0098049261 | W6: =O102 -> 1.033813e-08
B7: f | C7: L | D7: R | S7: =H104 -> 1670.8 | T7: =K120 -> 22.255091 | U7: =L120 -> 0.00011833691 | V7: =N120 -> 0.0098038665 | W7: =O120 -> 7.522871e-09
B8: kHz | C8: mH | D8: Ω | S8: =H122 -> 1749.6 | T8: =K138 -> 22.264583 | U8: =L138 -> 0.00041727115 | V8: =N138 -> 0.0098028286 | W8: =O138 -> 3.797024e-08
B9: 1.592 | C9: 9.804632 | D9: 22.23322 | T9: B6 R | V9: B6 L
B10: 1.67 | C10: 9.803617 | D10: 22.24263 | S10: =H148 -> 1432.4 | T10: =K164 -> 3.5418333 | U10: =L164 -> 1.4196959e-05 | V10: =N164 -> 0.00059356703 | W10: =O164 -> 1.5776385e-09
B11: 1.592 | C11: 9.804644 | D11: 22.23452 | E11: rel delta f | F11: rel delta L | G11: rel delta R | S11: =H166 -> 1512.4 | T11: =K182 -> 3.5422766 | U11: =L182 -> 1.2811162e-05 | V11: =N182 -> 0.000593536 | W11: =O182 -> 2.0471418e-09
E12: % | F12: ppm | G12: ppm | S12: =H184 -> 1591.5 | T12: =K200 -> 3.542716 | U12: =L200 -> 2.0027412e-05 | V12: =N200 -> 0.00059350472 | W12: =O200 -> 1.5738238e-09
A13: average | B13: =AVERAGE(B9,B11) -> 1.592 | C13: =AVERAGE(C9,C11) -> 9.804638 | D13: =AVERAGE(D9,D11) -> 22.23387 | E13: =(B10/B13-1)*100 -> 4.8994975 | F13: =(C10/C13-1)*1000000 -> -104.13439 | G13: =(D10/D13-1)*1000000 -> 393.99349 | S13: =H202 -> 1670.8 | T13: =K218 -> 3.5431292 | U13: =L218 -> 1.9316159e-05 | V13: =N218 -> 0.00059347176 | W13: =O218 -> 1.4722296e-09
F14: =F13/(0.05*B11*1000) -> -1.308221 | G14: =G13/(0.05*B9*1000) -> 4.9496669 | H14: in ppm/Hz | S14: =H220 -> 1749.6 | T14: =K236 -> 3.5435492 | U14: =L236 -> 7.1406232e-05 | V14: =N236 -> 0.00059343859 | W14: =O236 -> 6.6732597e-09
A15: quick assumption is that the deltas will be at least ten times smaller for the actual frequency deviation. | Q15: Muirhead used ppm/Hz
T16: R | V16: L
B17: target f | C17: =10000/(2*PI()) -> 1591.5494 | T17: ppm/Hz | V17: ppm/Hz
C18: 1592.54 | E18: =(C18/C$17-1) -> 0.00062239291 | S18: A10 | T18: =0.0001231/T6*1000000 -> 5.5336686 | V18: =-0.00000001356/V6*1000000 -> -1.3829783
C19: 1592.34 | E19: =(C19/C$17-1) -> 0.0004967292 | S19: B6 | T19: =0.000005404/T12*1000000 -> 1.5253834 | V19: =-0.000000000405/V12*1000000 -> -0.68238716
C20: 1592.19 | E20: =(C20/C$17-1) -> 0.00040248142
C21: 1593.41 | E21: =(C21/C$17-1) -> 0.00116903
C22: 1592.77 | E22: =(C22/C$17-1) -> 0.00076690617
C23: 1592.47 | E23: =(C23/C$17-1) -> 0.00057841061
C24: 1591.8 | E24: =(C24/C$17-1) -> 0.0001574372
C25: 1591.74 | E25: =(C25/C$17-1) -> 0.00011973809
C26: 1591.67 | E26: =(C26/C$17-1) -> 7.5755788e-05
C27: 1591.51 | E27: =(C27/C$17-1) -> -2.4775177e-05
C28: 1592.88 | E28: =(C28/C$17-1) -> 0.00083602121
C30: 1593.85 | E30: =(C30/C$17-1) -> 0.0014454902
C31: 1593.64 | E31: =(C31/C$17-1) -> 0.0013135433
C32: 1593.08 | E32: =(C32/C$17-1) -> 0.00096168492
... C38: 1593.65 | E38: =(C38/C$17-1) -> 0.0013198265
B40: mean | C40: =AVERAGE(C18:C38) -> 1592.8485 | E40: =(C40/C$17-1) -> 0.00081622918
B41: sd | C41: =STDEV(C18:C38) -> 0.77511476
B42: rel sd | C42: =C41/C40 -> 0.00048662177
H43: From E4980_02_2025-06-18.csv gathered on lab machine
I44: Items A10 and B6 were measured
H45: lcr name: | I45: KeySight E4980A
H46: Name and description of Device under test: | I46: Sullivan A10 Coaxial GMH3I_2043
H47: GPIB source: | I47: <bound method MessageBasedResource.read of <'GPIBInstrument'('GPIB0::17::INSTR')>>
H48: 45826 | I48: 0.668125
H49: select the freq range 90% - 110% | I49: [1432.4, 1512.4, 1591.5, 1670.8, 1749.6]
A50: A10 | H50: 1432.4 | I50: 0.0098071213 | J50: 22.225391
H51: 1432.4 | I51: 0.0098071372 | J51: 22.225489
H52: 1432.4 | I52: 0.0098071352 | J52: 22.225427
H53: 1432.4 | I53: 0.009807135 | J53: 22.225441
H54: 1432.4 | I54: 0.0098071054 | J54: 22.225515
H55: 1432.4 | I55: 0.009807112 | J55: 22.225372
A56: B6 | H56: 1432.4 | I56: 0.0098071159 | J56: 22.225446
H57: 1432.4 | I57: 0.0098071231 | J57: 22.225437
H58: 1432.4 | I58: 0.0098071346 | J58: 22.225528
H59: 1432.4 | I59: 0.0098071359 | J59: 22.225478
H60: 1432.4 | I60: 0.0098071306 | J60: 22.225345
H61: 1432.4 | I61: 0.0098071237 | J61: 22.225452
H62: 1432.4 | I62: 0.0098071354 | J62: 22.225427
H63: 1432.4 | I63: 0.0098071295 | J63: 22.22542
H64: 1432.4 | I64: 0.0098071109 | J64: 22.225464
H65: 1432.4 | I65: 0.0098071406 | J65: 22.225538
H66: Freq | I66: 1432.4 | J66: Rs | K66: 22.225448 | L66: 5.3746917e-05 | M66: Ls | N66: 0.0098071266 | O66: 1.0879577e-08
H67: :SOUR:DCS:STAT OFF;:BIAS:STAT OFF;:COMP:BIN:COUN:CLE;:LIST:CLE:ALL;:COMP:BIN:CLE;:AMPL:ALC OFF;:APER LONG,20;:BIAS:POL:AUTO OFF;:BIAS:RANG:AUTO ON;:BIAS:VOLT:LEV 0;:COMP:ABIN OFF;:COMP:BIN:COUN:STAT OFF;:COMP:MODE PTOL;:COMP:SLIM -9.9e+037,9.9e+037;:COMP:STAT OFF;:COMP:SWAP OFF;:COMP:TOL:NOM 0;:DISP:ENAB ON;:DISP:LINE "";:DISP:WIND:TEXT1:DATA:FMSD:DATA 1e-009;:DISP:WIND:TEXT2:DATA:FMSD:DATA 1e-009;:FORM:ASC:LONG ON;:FORM:BORD NORM;:FORM:DATA ASC,64;:FREQ:CW 1432;:FUNC:DEV1:MODE OFF;:FUNC:DEV1:REF:VAL 0;:FUNC:DEV2:MODE OFF;:FUNC:DEV2:REF:VAL 0;:FUNC:IMP:TYPE LSRS;:FUNC:SMON:IDC:STAT OFF;:FUNC:SMON:VDC:STAT OFF;:INIT:CONT OFF;:LIST:MODE SEQ;:LIST:STIM:TYPE FREQ,NONE;:SOUR:DCS:VOLT:LEV 0;:TRIG:DEL 0;:TRIG:SOUR INT;:TRIG:TDEL 0;:VOLT:LEV 0.1;:DISP:WIND:TEXT1:DATA:FMSD:STAT OFF;:DISP:WIND:TEXT2:DATA:FMSD:STAT OFF;:FUNC:DCR:RANG:VAL 100;:FUNC:IMP:RANG:VAL 100;:OUTP:DC:ISOL:LEV:VAL 0.02;:OUTP:DC:ISOL:STAT OFF;:FUNC:DCR:RANG:AUTO ON;:FUNC:IMP:RANG:AUTO ON;:OUTP:DC:ISOL:LEV:AUTO ON;:DISP:PAGE MEASurement;
H68: 1512.4 | I68: 0.0098060177 | J68: 22.235618
H69: 1512.4 | I69: 0.0098060302 | J69: 22.235552
H70: 1512.4 | I70: 0.0098060159 | J70: 22.235601
H71: 1512.4 | I71: 0.009806013 | J71: 22.235652
H72: 1512.4 | I72: 0.0098060264 | J72: 22.235824
H73: 1512.4 | I73: 0.0098060181 | J73: 22.235538
H74: 1512.4 | I74: 0.0098060294 | J74: 22.235769
H75: 1512.4 | I75: 0.0098060335 | J75: 22.23571
H76: 1512.4 | I76: 0.0098060355 | J76: 22.235772
H77: 1512.4 | I77: 0.0098060314 | J77: 22.235808
H78: 1512.4 | I78: 0.0098060256 | J78: 22.235982
H79: 1512.4 | I79: 0.0098060123 | J79: 22.23574
... H83: 1512.4 | I83: 0.0098060273 | J83: 22.235764
H84: Freq | I84: 1512.4 | J84: Rs | K84: 22.235738 | L84: 0.00013118909 | M84: Ls | N84: 0.0098060239 | O84: 8.2021586e-09
H85: :SOUR:DCS:STAT OFF;:BIAS:STAT OFF;:COMP:BIN:COUN:CLE;:LIST:CLE:ALL;:COMP:BIN:CLE;:AMPL:ALC OFF;:APER LONG,20;:BIAS:POL:AUTO OFF;:BIAS:RANG:AUTO ON;:BIAS:VOLT:LEV 0;:COMP:ABIN OFF;:COMP:BIN:COUN:STAT OFF;:COMP:MODE PTOL;:COMP:SLIM -9.9e+037,9.9e+037;:COMP:STAT OFF;:COMP:SWAP OFF;:COMP:TOL:NOM 0;:DISP:ENAB ON;:DISP:LINE "";:DISP:WIND:TEXT1:DATA:FMSD:DATA 1e-009;:DISP:WIND:TEXT2:DATA:FMSD:DATA 1e-009;:FORM:ASC:LONG ON;:FORM:BORD NORM;:FORM:DATA ASC,64;:FREQ:CW 1512;:FUNC:DEV1:MODE OFF;:FUNC:DEV1:REF:VAL 0;:FUNC:DEV2:MODE OFF;:FUNC:DEV2:REF:VAL 0;:FUNC:IMP:TYPE LSRS;:FUNC:SMON:IDC:STAT OFF;:FUNC:SMON:VDC:STAT OFF;:INIT:CONT OFF;:LIST:MODE SEQ;:LIST:STIM:TYPE FREQ,NONE;:SOUR:DCS:VOLT:LEV 0;:TRIG:DEL 0;:TRIG:SOUR INT;:TRIG:TDEL 0;:VOLT:LEV 0.1;:DISP:WIND:TEXT1:DATA:FMSD:STAT OFF;:DISP:WIND:TEXT2:DATA:FMSD:STAT OFF;:FUNC:DCR:RANG:VAL 100;:FUNC:IMP:RANG:VAL 100;:OUTP:DC:ISOL:LEV:VAL 0.02;:OUTP:DC:ISOL:STAT OFF;:FUNC:DCR:RANG:AUTO ON;:FUNC:IMP:RANG:AUTO ON;:OUTP:DC:ISOL:LEV:AUTO ON;:DISP:PAGE MEASurement;
H86: 1591.5 | I86: 0.0098049325 | J86: 22.24568
H87: 1591.5 | I87: 0.0098049128 | J87: 22.245657
H88: 1591.5 | I88: 0.0098049373 | J88: 22.245632
H89: 1591.5 | I89: 0.0098049465 | J89: 22.245383
H90: 1591.5 | I90: 0.0098049301 | J90: 22.245688
H91: 1591.5 | I91: 0.0098049157 | J91: 22.245708
H92: 1591.5 | I92: 0.0098049288 | J92: 22.245668
H93: 1591.5 | I93: 0.0098049401 | J93: 22.245665
H94: 1591.5 | I94: 0.009804915 | J94: 22.245765
H95: 1591.5 | I95: 0.009804928 | J95: 22.245578
H96: 1591.5 | I96: 0.0098049311 | J96: 22.24564
H97: 1591.5 | I97: 0.0098049095 | J97: 22.245551
... H101: 1591.5 | I101: 0.0098049198 | J101: 22.245616
H102: Freq | I102: 1591.5 | J102: Rs | K102: 22.24564 | L102: 8.6568066e-05 | M102: Ls | N102: 0.0098049261 | O102: 1.033813e-08
H103: :SOUR:DCS:STAT OFF;:BIAS:STAT OFF;:COMP:BIN:COUN:CLE;:LIST:CLE:ALL;:COMP:BIN:CLE;:AMPL:ALC OFF;:APER LONG,20;:BIAS:POL:AUTO OFF;:BIAS:RANG:AUTO ON;:BIAS:VOLT:LEV 0;:COMP:ABIN OFF;:COMP:BIN:COUN:STAT OFF;:COMP:MODE PTOL;:COMP:SLIM -9.9e+037,9.9e+037;:COMP:STAT OFF;:COMP:SWAP OFF;:COMP:TOL:NOM 0;:DISP:ENAB ON;:DISP:LINE "";:DISP:WIND:TEXT1:DATA:FMSD:DATA 1e-009;:DISP:WIND:TEXT2:DATA:FMSD:DATA 1e-009;:FORM:ASC:LONG ON;:FORM:BORD NORM;:FORM:DATA ASC,64;:FREQ:CW 1592;:FUNC:DEV1:MODE OFF;:FUNC:DEV1:REF:VAL 0;:FUNC:DEV2:MODE OFF;:FUNC:DEV2:REF:VAL 0;:FUNC:IMP:TYPE LSRS;:FUNC:SMON:IDC:STAT OFF;:FUNC:SMON:VDC:STAT OFF;:INIT:CONT OFF;:LIST:MODE SEQ;:LIST:STIM:TYPE FREQ,NONE;:SOUR:DCS:VOLT:LEV 0;:TRIG:DEL 0;:TRIG:SOUR INT;:TRIG:TDEL 0;:VOLT:LEV 0.1;:DISP:WIND:TEXT1:DATA:FMSD:STAT OFF;:DISP:WIND:TEXT2:DATA:FMSD:STAT OFF;:FUNC:DCR:RANG:VAL 100;:FUNC:IMP:RANG:VAL 100;:OUTP:DC:ISOL:LEV:VAL 0.02;:OUTP:DC:ISOL:STAT OFF;:FUNC:DCR:RANG:AUTO ON;:FUNC:IMP:RANG:AUTO ON;:OUTP:DC:ISOL:LEV:AUTO ON;:DISP:PAGE MEASurement;
H104: 1670.8 | I104: 0.0098038807 | J104: 22.254953
H105: 1670.8 | I105: 0.0098038623 | J105: 22.254921
H106: 1670.8 | I106: 0.0098038637 | J106: 22.255269
H107: 1670.8 | I107: 0.0098038686 | J107: 22.255018
H108: 1670.8 | I108: 0.009803865 | J108: 22.255013
H109: 1670.8 | I109: 0.0098038693 | J109: 22.254948
H110: 1670.8 | I110: 0.0098038642 | J110: 22.255003
H111: 1670.8 | I111: 0.009803874 | J111: 22.255159
H112: 1670.8 | I112: 0.0098038504 | J112: 22.255036
H113: 1670.8 | I113: 0.0098038706 | J113: 22.255117
...

Sheet pyUBresults
A1: Item | B1: Label | C1: Range | D1: xDial | E1: rDial | F1: frequency | G1: temperature | H1: utemp | I1: dftemp | J1: alphax | K1: ualphax | L1: dfalphax | M1: alphar | N1: ualphar | O1: dfalphr | P1: x | Q1: ux | R1: kx | S1: r | T1: ur | U1: kr | V1: cmcx | W1: cmcr | X1: ux/cmcx | Y1: ur/cmcr | Z1: label | AA1: multiplier for R | AB1: R | AC1: uR | AD1: k | AE1: multiplier for L | AF1: L | AG1: uL | AH1: k | AI1: nom Freq
A2: coax zero | B2: 1591.5 | C2: 3Z | D2: -1 | E2: -10 | F2: 1592.54 | G2: 20.76 | H2: 0.5 | I2: 10 | J2: 2e-05 | K2: 1e-06 | L2: 10 | M2: 0.004 | N2: 0.0002 | O2: 10 | P2: 0 | Q2: 0 | R2: 0 | S2: 0 | T2: 0 | U2: 0 | V2: 1.2558554e-08 | W2: 0.00012558554 | X2: =Q2/V2 -> 0 | Y2: =T2/W2 -> 0 | Z2: =A2&B2 -> coax zero1591.5 | AA2: 1 | AB2: =AA2*S2 -> 0 | AC2: =AA2*T2 -> 0 | AD2: =U2 -> 0 | AE2: 1000000 | AF2: =AE2*P2 -> 0 | AG2: =AE2*Q2 -> 0 | AH2: =R2 -> 0 | AI2: =B2 -> 1591.5
A3: A1 | B3: 1591.5 | C3: 3Z | D3: 99364 | E3: 571520 | F3: 1592.34 | G3: 20.88 | H3: 0.5 | I3: 10 | J3: 2e-05 | K3: 1e-06 | L3: 10 | M3: 0.004 | N3: 0.0002 | O3: 10 | P3: 0.00099386498 | Q3: 6.3258199e-08 | R3: 1.9889169 | S3: 5.7357593 | T3: 0.033901539 | U3: 2.0825444 | V3: 1.9596327e-08 | W3: 0.00017904086 | X3: =Q3/V3 -> 3.228064 | Y3: =T3/W3 -> 189.35084 | Z3: =A3&B3 -> A11591.5 | AA3: 1 | AB3: =AA3*S3 -> 5.7357593 | AC3: =AA3*T3 -> 0.033901539 | AD3: =U3 -> 2.0825444 | AE3: 1000000 | AF3: =AE3*P3 -> 993.86498 | AG3: =AE3*Q3 -> 0.063258199 | AH3: =R3 -> 1.9889169 | AI3: =B3 -> 1591.5
A4: A2 | B4: 1591.5 | C4: 3Z | D4: 197974 | E4: 841874 | F4: 1592.19 | G4: 20.87 | H4: 0.5 | I4: 10 | J4: 2e-05 | K4: 1e-06 | L4: 10 | M4: 0.004 | N4: 0.0002 | O4: 10 | P4: 0.0019801779 | Q4: 9.8608199e-08 | R4: 2.0001778 | S4: 8.4486407 | T4: 0.049860012 | U4: 2.0836311 | V4: 3.1578034e-08 | W4: 0.00026245217 | X4: =Q4/V4 -> 3.1226832 | Y4: =T4/W4 -> 189.97752 | Z4: =A4&B4 -> A21591.5 | AA4: 1 | AB4: =AA4*S4 -> 8.4486407 | AC4: =AA4*T4 -> 0.049860012 | AD4: =U4 -> 2.0836311 | AE4: 1000000 | AF4: =AE4*P4 -> 1980.1779 | AG4: =AE4*Q4 -> 0.098608199 | AH4: =R4 -> 2.0001778 | AI4: =B4 -> 1591.5
A5: A3 | B5: 1591.5 | C5: 3Z | D5: 296819 | E5: 1070422 | F5: 1593.41 | G5: 20.65 | H5: 0.5 | I5: 10 | J5: 2e-05 | K5: 1e-06 | L5: 10 | M5: 0.004 | N5: 0.0002 | O5: 10 | P5: 0.0029688285 | Q5: 1.3834132e-07 | R5: 2.0100638 | S5: 10.732791 | T5: 0.063325694 | U5: 2.0844034 | V5: 4.4717058e-08 | W5: 0.00035545952 | X5: =Q5/V5 -> 3.0937034 | Y5: =T5/W5 -> 178.15163 | Z5: =A5&B5 -> A31591.5 | AA5: 1 | AB5: =AA5*S5 -> 10.732791 | AC5: =AA5*T5 -> 0.063325694 | AD5: =U5 -> 2.0844034 | AE5: 1000000 | AF5: =AE5*P5 -> 2968.8285 | AG5: =AE5*Q5 -> 0.13834132 | AH5: =R5 -> 2.0100638 | AI5: =B5 -> 1591.5
A6: A4 | B6: 1591.5 | C6: 3Z | D6: 394747 | E6: 1269967 | F6: 1592.77 | G6: 20.76 | H6: 0.5 | I6: 10 | J6: 2e-05 | K6: 1e-06 | L6: 10 | M6: 0.004 | N6: 0.0002 | O6: 10 | P6: 0.0039483246 | Q6: 1.7909503e-07 | R6: 2.0155571 | S6: 12.739136 | T6: 0.075136262 | U6: 2.0843526 | V6: 5.8089246e-08 | W6: 0.00045085394 | X6: =Q6/V6 -> 3.0831013 | Y6: =T6/W6 -> 166.65322 | Z6: =A6&B6 -> A41591.5 | AA6: 1 | AB6: =AA6*S6 -> 12.739136 | AC6: =AA6*T6 -> 0.075136262 | AD6: =U6 -> 2.0843526 | AE6: 1000000 | AF6: =AE6*P6 -> 3948.3246 | AG6: =AE6*Q6 -> 0.17909503 | AH6: =R6 -> 2.0155571 | AI6: =B6 -> 1591.5
A7: A5 | B7: 1591.5 | C7: 3Z | D7: 493101 | E7: 1447708 | F7: 1592.47 | G7: 20.82 | H7: 0.5 | I7: 10 | J7: 2e-05 | K7: 1e-06 | L7: 10 | M7: 0.004 | N7: 0.0002 | O7: 10 | P7: 0.0049320809 | Q7: 2.2055475e-07 | R7: 2.0188846 | S7: 14.52553 | T7: 0.085657789 | U7: 2.0843071 | V7: 7.1658558e-08 | W7: 0.00054781575 | X7: =Q7/V7 -> 3.0778563 | Y7: =T7/W7 -> 156.36241 | Z7: =A7&B7 -> A51591.5 | AA7: 1 | AB7: =AA7*S7 -> 14.52553 | AC7: =AA7*T7 -> 0.085657789 | AD7: =U7 -> 2.0843071 | AE7: 1000000 | AF7: =AE7*P7 -> 4932.0809 | AG7: =AE7*Q7 -> 0.22055475 | AH7: =R7 -> 2.0188846 | AI7: =B7 -> 1591.5
A8: A6 | B8: 1591.5 | C8: 3Z | D8: 591332 | E8: 1617418 | F8: 1591.8 | G8: 20.66 | H8: 0.5 | I8: 10 | J8: 2e-05 | K8: 1e-06 | L8: 10 | M8: 0.004 | N8: 0.0002 | O8: 10 | P8: 0.0059145833 | Q8: 2.6221215e-07 | R8: 2.0210773 | S8: 16.217946 | T8: 0.095650589 | U8: 2.0846631 | V8: 8.5298447e-08 | W8: 0.00064566203 | X8: =Q8/V8 -> 3.0740554 | Y8: =T8/W8 -> 148.14343 | Z8: =A8&B8 -> A61591.5 | AA8: 1 | AB8: =AA8*S8 -> 16.217946 | AC8: =AA8*T8 -> 0.095650589 | AD8: =U8 -> 2.0846631 | AE8: 1000000 | AF8: =AE8*P8 -> 5914.5833 | AG8: =AE8*Q8 -> 0.26221215 | AH8: =R8 -> 2.0210773 | AI8: =B8 -> 1591.5
A9: A7 | B9: 1591.5 | C9: 3Z | D9: 688992 | E9: 1782538 | F9: 1591.74 | G9: 20.62 | H9: 0.5 | I9: 10 | J9: 2e-05 | K9: 1e-06 | L9: 10 | M9: 0.004 | N9: 0.0002 | O9: 10 | P9: 0.0068913848 | Q9: 3.0385647e-07 | R9: 2.022524 | S9: 17.870752 | T9: 0.10540082 | U9: 2.0847608 | V9: 9.8912447e-08 | W9: 0.00074362057 | X9: =Q9/V9 -> 3.071974 | Y9: =T9/W9 -> 141.74005 | Z9: =A9&B9 -> A71591.5 | AA9: 1 | AB9: =AA9*S9 -> 17.870752 | AC9: =AA9*T9 -> 0.10540082 | AD9: =U9 -> 2.0847608 | AE9: 1000000 | AF9: =AE9*P9 -> 6891.3848 | AG9: =AE9*Q9 -> 0.30385647 | AH9: =R9 -> 2.022524 | AI9: =B9 -> 1591.5
A10: A8 | B10: 1591.5 | C10: 3Z | D10: 786206 | E10: 1934775 | F10: 1591.67 | G10: 20.68 | H10: 0.5 | I10: 10 | J10: 2e-05 | K10: 1e-06 | L10: 10 | M10: 0.004 | N10: 0.0002 | O10: 10 | P10: 0.0078637395 | Q10: 3.4541621e-07 | R10: 2.0235577 | S10: 19.401632 | T10: 0.11441635 | U10: 2.084676 | V10: 1.1248216e-07 | W10: 0.00084114984 | X10: =Q10/V10 -> 3.0708534 | Y10: =T10/W10 -> 136.02374 | Z10: =A10&B10 -> A81591.5 | AA10: 1 | AB10: =AA10*S10 -> 19.401632 | AC10: =AA10*T10 -> 0.11441635 | AD10: =U10 -> 2.084676 | AE10: 1000000 | AF10: =AE10*P10 -> 7863.7395 | AG10: =AE10*Q10 -> 0.34541621 | AH10: =R10 -> 2.0235577 | AI10: =B10 -> 1591.5
A11: A9 | B11: 1591.5 | C11: 3Z | D11: 883126 | E11: 2081205 | F11: 1591.51 | G11: 20.72 | H11: 0.5 | I11: 10 | J11: 2e-05 | K11: 1e-06 | L11: 10 | M11: 0.004 | N11: 0.0002 | O11: 10 | P11: 0.0088331524 | Q11: 3.8691704e-07 | R11: 2.0243345 | S11: 20.873333 | T11: 0.12308677 | U11: 2.0846133 | V11: 1.2602959e-07 | W11: 0.00093857315 | X11: =Q11/V11 -> 3.0700492 | Y11: =T11/W11 -> 131.14243 | Z11: =A11&B11 -> A91591.5 | AA11: 1 | AB11: =AA11*S11 -> 20.873333 | AC11: =AA11*T11 -> 0.12308677 | AD11: =U11 -> 2.0846133 | AE11: 1000000 | AF11: =AE11*P11 -> 8833.1524 | AG11: =AE11*Q11 -> 0.38691704 | AH11: =R11 -> 2.0243345 | AI11: =B11 -> 1591.5
A12: A10 | B12: 1591.5 | C12: 3Z | D12: 980165 | E12: 2229664 | F12: 1592.88 | G12: 20.73 | H12: 0.5 | I12: 10 | J12: 2e-05 | K12: 1e-06 | L12: 10 | M12: 0.004 | N12: 0.0002 | O12: 10 | P12: 0.0098037512 | Q12: 4.2853714e-07 | R12: 2.0249271 | S12: 22.363179 | T12: 0.1318692 | U12: 2.0846013 | V12: 1.3961559e-07 | W12: 0.0010364948 | X12: =Q12/V12 -> 3.0694074 | Y12: =T12/W12 -> 127.22611 | Z12: =A12&B12 -> A101591.5 | AA12: 1 | AB12: =AA12*S12 -> 22.363179 | AC12: =AA12*T12 -> 0.1318692 | AD12: =U12 -> 2.0846013 | AE12: 1000000 | AF12: =AE12*P12 -> 9803.7512 | AG12: =AE12*Q12 -> 0.42853714 | AH12: =R12 -> 2.0249271 | AI12: =B12 -> 1591.5
A13: coax zero | B13: 1591.5 | C13: 2Z | D13: -3 | E13: -12 | F13: 1593.08 | G13: 20.79 | H13: 0.5 | I13: 10 | J13: 2e-05 | K13: 1e-06 | L13: 10 | M13: 0.004 | N13: 0.0002 | O13: 10 | P13: 0 | Q13: 0 | R13: 0 | S13: 0 | T13: 0 | U13: 0 | V13: 1.2554297e-09 | W13: 1.2554297e-05 | X13: =Q13/V13 -> 0 | Y13: =T13/W13 -> 0 | Z13: =A13&B13 -> coax zero1591.5 | AA13: 1 | AB13: =AA13*S13 -> 0 | AC13: =AA13*T13 -> 0 | AD13: =U13 -> 0 | AE13: 1000000 | AF13: =AE13*P13 -> 0 | AG13: =AE13*Q13 -> 0 | AH13: =R13 -> 0 | AI13: =B13 -> 1591.5
... A23: B10 | B23: 1591.5 | C23: 2Z | D23: 984585 | E23: 4826330 | F23: 1595.54 | G23: 19.79 | H23: 0.5 | I23: 10 | J23: 2e-05 | K23: 1e-06 | L23: 10 | M23: 0.004 | N23: 0.0002 | O23: 10 | P23: 0.00098477955 | Q23: 4.5246523e-08 | R23: 2.01611 | S23: 4.8225753 | T23: 0.0285084 | U23: 2.0854956 | V23: 1.4661068e-08 | W23: 0.00012008796 | X23: =Q23/V23 -> 3.0861683 | Y23: =T23/W23 -> 237.396 | Z23: =A23&B23 -> B101591.5 | AA23: 1 | AB23: =AA23*S23 -> 4.8225753 | AC23: =AA23*T23 -> 0.0285084 | AD23: =U23 -> 2.0854956 | AE23: 1000000 | AF23: =AE23*P23 -> 984.77955 | AG23: =AE23*Q23 -> 0.045246523 | AH23: =R23 -> 2.01611 | AI23: =B23 -> 1591.5
A24: 1 | B24: 2 | C24: 3 | D24: 4 | E24: 5 | F24: 6 | G24: 7 | H24: 8 | I24: 9 | J24: 10 | K24: 11 | L24: 12 | M24: 13 | N24: 14 | O24: 15 | P24: 16 | Q24: 17 | R24: 18 | S24: 19 | T24: 20 | U24: 21 | V24: 22 | W24: 23 | X24: 24 | Y24: 25 | Z24: 26 | AA24: 27 | AB24: 28 | AC24: 29 | AD24: 30 | AE24: 31 | AF24: 32 | AG24: 33 | AH24: 34 | AI24: 35

Sheet pyReport
C3: Tap | D3: Inductance (µH) | E3: Expanded Uncertainty (µH) | F3: Coverage Factor | G3: Resistance (Ω) | H3: Expanded Uncertainty (Ω) | I3: Coverage Factor
A4: A1 | C4: 1 | D4: =VLOOKUP(A4, inductor1,32,FALSE()) -> 993.86498 | E4: =VLOOKUP(A4,inductor1,33,FALSE()) -> 0.063258199 | F4: =VLOOKUP(A4,inductor1,34,FALSE()) -> 1.9889169 | G4: =VLOOKUP(A4,inductor1,28,FALSE()) -> 5.7357593 | H4: =VLOOKUP(A4,inductor1,29,FALSE()) -> 0.033901539 | I4: =VLOOKUP(A4,inductor1,30,FALSE()) -> 2.0825444
A5: A2 | C5: 2 | D5: =VLOOKUP(A5, inductor1,32,FALSE()) -> 1980.1779 | E5: =VLOOKUP(A5,inductor1,33,FALSE()) -> 0.098608199 | F5: =VLOOKUP(A5,inductor1,34,FALSE()) -> 2.0001778 | G5: =VLOOKUP(A5,inductor1,28,FALSE()) -> 8.4486407 | H5: =VLOOKUP(A5,inductor1,29,FALSE()) -> 0.049860012 | I5: =VLOOKUP(A5,inductor1,30,FALSE()) -> 2.0836311
A6: A3 | C6: 3 | D6: =VLOOKUP(A6, inductor1,32,FALSE()) -> 2968.8285 | E6: =VLOOKUP(A6,inductor1,33,FALSE()) -> 0.13834132 | F6: =VLOOKUP(A6,inductor1,34,FALSE()) -> 2.0100638 | G6: =VLOOKUP(A6,inductor1,28,FALSE()) -> 10.732791 | H6: =VLOOKUP(A6,inductor1,29,FALSE()) -> 0.063325694 | I6: =VLOOKUP(A6,inductor1,30,FALSE()) -> 2.0844034
A7: A4 | C7: 4 | D7: =VLOOKUP(A7, inductor1,32,FALSE()) -> 3948.3246 | E7: =VLOOKUP(A7,inductor1,33,FALSE()) -> 0.17909503 | F7: =VLOOKUP(A7,inductor1,34,FALSE()) -> 2.0155571 | G7: =VLOOKUP(A7,inductor1,28,FALSE()) -> 12.739136 | H7: =VLOOKUP(A7,inductor1,29,FALSE()) -> 0.075136262 | I7: =VLOOKUP(A7,inductor1,30,FALSE()) -> 2.0843526
A8: A5 | C8: 5 | D8: =VLOOKUP(A8, inductor1,32,FALSE()) -> 4932.0809 | E8: =VLOOKUP(A8,inductor1,33,FALSE()) -> 0.22055475 | F8: =VLOOKUP(A8,inductor1,34,FALSE()) -> 2.0188846 | G8: =VLOOKUP(A8,inductor1,28,FALSE()) -> 14.52553 | H8: =VLOOKUP(A8,inductor1,29,FALSE()) -> 0.085657789 | I8: =VLOOKUP(A8,inductor1,30,FALSE()) -> 2.0843071
A9: A6 | C9: 6 | D9: =VLOOKUP(A9, inductor1,32,FALSE()) -> 5914.5833 | E9: =VLOOKUP(A9,inductor1,33,FALSE()) -> 0.26221215 | F9: =VLOOKUP(A9,inductor1,34,FALSE()) -> 2.0210773 | G9: =VLOOKUP(A9,inductor1,28,FALSE()) -> 16.217946 | H9: =VLOOKUP(A9,inductor1,29,FALSE()) -> 0.095650589 | I9: =VLOOKUP(A9,inductor1,30,FALSE()) -> 2.0846631
A10: A7 | C10: 7 | D10: =VLOOKUP(A10, inductor1,32,FALSE()) -> 6891.3848 | E10: =VLOOKUP(A10,inductor1,33,FALSE()) -> 0.30385647 | F10: =VLOOKUP(A10,inductor1,34,FALSE()) -> 2.022524 | G10: =VLOOKUP(A10,inductor1,28,FALSE()) -> 17.870752 | H10: =VLOOKUP(A10,inductor1,29,FALSE()) -> 0.10540082 | I10: =VLOOKUP(A10,inductor1,30,FALSE()) -> 2.0847608
A11: A8 | C11: 8 | D11: =VLOOKUP(A11, inductor1,32,FALSE()) -> 7863.7395 | E11: =VLOOKUP(A11,inductor1,33,FALSE()) -> 0.34541621 | F11: =VLOOKUP(A11,inductor1,34,FALSE()) -> 2.0235577 | G11: =VLOOKUP(A11,inductor1,28,FALSE()) -> 19.401632 | H11: =VLOOKUP(A11,inductor1,29,FALSE()) -> 0.11441635 | I11: =VLOOKUP(A11,inductor1,30,FALSE()) -> 2.084676
A12: A9 | C12: 9 | D12: =VLOOKUP(A12, inductor1,32,FALSE()) -> 8833.1524 | E12: =VLOOKUP(A12,inductor1,33,FALSE()) -> 0.38691704 | F12: =VLOOKUP(A12,inductor1,34,FALSE()) -> 2.0243345 | G12: =VLOOKUP(A12,inductor1,28,FALSE()) -> 20.873333 | H12: =VLOOKUP(A12,inductor1,29,FALSE()) -> 0.12308677 | I12: =VLOOKUP(A12,inductor1,30,FALSE()) -> 2.0846133
A13: A10 | C13: 10 | D13: =VLOOKUP(A13, inductor1,32,FALSE()) -> 9803.7512 | E13: =VLOOKUP(A13,inductor1,33,FALSE()) -> 0.42853714 | F13: =VLOOKUP(A13,inductor1,34,FALSE()) -> 2.0249271 | G13: =VLOOKUP(A13,inductor1,28,FALSE()) -> 22.363179 | H13: =VLOOKUP(A13,inductor1,29,FALSE()) -> 0.1318692 | I13: =VLOOKUP(A13,inductor1,30,FALSE()) -> 2.0846013
C18: Tap | D18: Inductance (µH) | E18: Expanded Uncertainty (µH) | F18: Coverage Factor | G18: Resistance (Ω) | H18: Expanded Uncertainty (Ω) | I18: Coverage Factor
A19: B1 | C19: 1 | D19: =VLOOKUP(A19, inductor1,32,FALSE()) -> 99.133066 | E19: =VLOOKUP(A19,inductor1,33,FALSE()) -> 0.0072194809 | F19: =VLOOKUP(A19,inductor1,34,FALSE()) -> 1.9977068 | G19: =VLOOKUP(A19,inductor1,28,FALSE()) -> 1.1720345 | H19: =VLOOKUP(A19,inductor1,29,FALSE()) -> 0.0069132555 | I19: =VLOOKUP(A19,inductor1,30,FALSE()) -> 2.084494
A20: B2 | C20: 2 | D20: =VLOOKUP(A20, inductor1,32,FALSE()) -> 198.9824 | E20: =VLOOKUP(A20,inductor1,33,FALSE()) -> 0.011174352 | F20: =VLOOKUP(A20,inductor1,34,FALSE()) -> 2.0028069 | G20: =VLOOKUP(A20,inductor1,28,FALSE()) -> 1.7485131 | H20: =VLOOKUP(A20,inductor1,29,FALSE()) -> 0.010309353 | I20: =VLOOKUP(A20,inductor1,30,FALSE()) -> 2.0847049
A21: B3 | C21: 3 | D21: =VLOOKUP(A21, inductor1,32,FALSE()) -> 298.20461 | E21: =VLOOKUP(A21,inductor1,33,FALSE()) -> 0.015342529 | F21: =VLOOKUP(A21,inductor1,34,FALSE()) -> 2.0065453 | G21: =VLOOKUP(A21,inductor1,28,FALSE()) -> 2.220195 | H21: =VLOOKUP(A21,inductor1,29,FALSE()) -> 0.013088804 | I21: =VLOOKUP(A21,inductor1,30,FALSE()) -> 2.0847654
A22: B4 | C22: 4 | D22: =VLOOKUP(A22, inductor1,32,FALSE()) -> 396.48117 | E22: =VLOOKUP(A22,inductor1,33,FALSE()) -> 0.019829357 | F22: =VLOOKUP(A22,inductor1,34,FALSE()) -> 2.0094056 | G22: =VLOOKUP(A22,inductor1,28,FALSE()) -> 2.8113201 | H22: =VLOOKUP(A22,inductor1,29,FALSE()) -> 0.016573666 | I22: =VLOOKUP(A22,inductor1,30,FALSE()) -> 2.0849079
A23: B5 | C23: 5 | D23: =VLOOKUP(A23, inductor1,32,FALSE()) -> 494.45456 | E23: =VLOOKUP(A23,inductor1,33,FALSE()) -> 0.024048105 | F23: =VLOOKUP(A23,inductor1,34,FALSE()) -> 2.0108968 | G23: =VLOOKUP(A23,inductor1,28,FALSE()) -> 3.2011309 | H23: =VLOOKUP(A23,inductor1,29,FALSE()) -> 0.018867818 | I23: =VLOOKUP(A23,inductor1,30,FALSE()) -> 2.084606
A24: B6 | C24: 6 | D24: =VLOOKUP(A24, inductor1,32,FALSE()) -> 593.51202 | E24: =VLOOKUP(A24,inductor1,33,FALSE()) -> 0.028324387 | F24: =VLOOKUP(A24,inductor1,34,FALSE()) -> 2.0122281 | G24: =VLOOKUP(A24,inductor1,28,FALSE()) -> 3.5658054 | H24: =VLOOKUP(A24,inductor1,29,FALSE()) -> 0.021016808 | I24: =VLOOKUP(A24,inductor1,30,FALSE()) -> 2.0845932
A25: B7 | C25: 7 | D25: =VLOOKUP(A25, inductor1,32,FALSE()) -> 691.32826 | E25: =VLOOKUP(A25,inductor1,33,FALSE()) -> 0.032580895 | F25: =VLOOKUP(A25,inductor1,34,FALSE()) -> 2.0133195 | G25: =VLOOKUP(A25,inductor1,28,FALSE()) -> 3.9245381 | H25: =VLOOKUP(A25,inductor1,29,FALSE()) -> 0.023130795 | I25: =VLOOKUP(A25,inductor1,30,FALSE()) -> 2.0845771
A26: B8 | C26: 8 | D26: =VLOOKUP(A26, inductor1,32,FALSE()) -> 789.07768 | E26: =VLOOKUP(A26,inductor1,33,FALSE()) -> 0.036778941 | F26: =VLOOKUP(A26,inductor1,34,FALSE()) -> 2.0144042 | G26: =VLOOKUP(A26,inductor1,28,FALSE()) -> 4.2255334 | H26: =VLOOKUP(A26,inductor1,29,FALSE()) -> 0.024909422 | I26: =VLOOKUP(A26,inductor1,30,FALSE()) -> 2.0849235
A27: B9 | C27: 9 | D27: =VLOOKUP(A27, inductor1,32,FALSE()) -> 887.30262 | E27: =VLOOKUP(A27,inductor1,33,FALSE()) -> 0.041046723 | F27: =VLOOKUP(A27,inductor1,34,FALSE()) -> 2.0152302 | G27: =VLOOKUP(A27,inductor1,28,FALSE()) -> 4.5463904 | H27: =VLOOKUP(A27,inductor1,29,FALSE()) -> 0.026798687 | I27: =VLOOKUP(A27,inductor1,30,FALSE()) -> 2.0848126
A28: B10 | C28: 10 | D28: =VLOOKUP(A28, inductor1,32,FALSE()) -> 984.77955 | E28: =VLOOKUP(A28,inductor1,33,FALSE()) -> 0.045246523 | F28: =VLOOKUP(A28,inductor1,34,FALSE()) -> 2.01611 | G28: =VLOOKUP(A28,inductor1,28,FALSE()) -> 4.8225753 | H28: =VLOOKUP(A28,inductor1,29,FALSE()) -> 0.0285084 | I28: =VLOOKUP(A28,inductor1,30,FALSE()) -> 2.0854956
A29: B10 | C29: 10 | D29: =VLOOKUP(A29, inductor1,32,FALSE()) -> 984.77955 | E29: =VLOOKUP(A29,inductor1,33,FALSE()) -> 0.045246523 | F29: =VLOOKUP(A29,inductor1,34,FALSE()) -> 2.01611 | G29: =VLOOKUP(A29,inductor1,28,FALSE()) -> 4.8225753 | H29: =VLOOKUP(A29,inductor1,29,FALSE()) -> 0.0285084 | I29: =VLOOKUP(A29,inductor1,30,FALSE()) -> 2.0854956

Sheet environment
A1: FCU10 Impedance
A2: Date UTC | B2: Temperature VSL | C2: Humidity VSL | D2: NZST_Time
A3: 2025-05-14 20:00:09 | B3: 20.42 | C3: 48.65 | D3: =A3+12/24 -> 45792.333 | E3: =D3 -> 45792.333
A4: 2025-05-14 20:02:08 | B4: 20.41 | C4: 48.63 | D4: =A4+12/24 -> 45792.335 | E4: =D4 -> 45792.335
A5: 2025-05-14 20:04:09 | B5: 20.41 | C5: 48.74 | D5: =A5+12/24 -> 45792.336 | E5: =D5 -> 45792.336
A6: 2025-05-14 20:06:09 | B6: 20.41 | C6: 48.68 | D6: =A6+12/24 -> 45792.338 | E6: =D6 -> 45792.338
A7: 2025-05-14 20:08:09 | B7: 20.4 | C7: 48.83 | D7: =A7+12/24 -> 45792.339 | E7: =D7 -> 45792.339
A8: 2025-05-14 20:10:08 | B8: 20.37 | C8: 48.81 | D8: =A8+12/24 -> 45792.34 | E8: =D8 -> 45792.34
A9: 2025-05-14 20:12:09 | B9: 20.39 | C9: 48.88 | D9: =A9+12/24 -> 45792.342 | E9: =D9 -> 45792.342
A10: 2025-05-14 20:14:08 | B10: 20.38 | C10: 48.95 | D10: =A10+12/24 -> 45792.343 | E10: =D10 -> 45792.343
A11: 2025-05-14 20:16:08 | B11: 20.39 | C11: 48.95 | D11: =A11+12/24 -> 45792.345 | E11: =D11 -> 45792.345
A12: 2025-05-14 20:18:08 | B12: 20.37 | C12: 49.02 | D12: =A12+12/24 -> 45792.346 | E12: =D12 -> 45792.346
A13: 2025-05-14 20:20:09 | B13: 20.4 | C13: 48.95 | D13: =A13+12/24 -> 45792.347 | E13: =D13 -> 45792.347
A14: 2025-05-14 20:22:08 | B14: 20.4 | C14: 49.01 | D14: =A14+12/24 -> 45792.349 | E14: =D14 -> 45792.349
... A1022: 2025-05-16 05:58:08 | B1022: 20.34 | C1022: 53.71 | D1022: =A1022+12/24 -> 45793.749 | E1022: =D1022 -> 45793.749

Sheet Historical
B1: Mea Date | C1: ='Previous History'!I57 -> 34971 | D1: S No. | E1: S21069 | G1: ='Previous History'!R85 -> 36749 | H1: S21384 | K1: ='Previous History'!R2 -> 38408 | L1: S21586 | O1: =Report!K2 -> 39997 | P1: S21740 | S1: =Results!B1 -> 41921 | T1: S21952 | W1: 44146 | X1: S22086 | AA1: 45792 | AB1: S22176
C2: L | D2: uL | E2: R | F2: uR | G2: L | H2: uL | I2: R | J2: uR | K2: L | L2: uL | M2: R | N2: uR | O2: L | P2: uL | Q2: R | R2: uR | S2: L | T2: uL | U2: R | V2: uR | W2: L | X2: uL | Y2: R | Z2: uR | AA2: L | AB2: uL | AC2: R | AD2: uR
B3: A1 | C3: ='Previous History'!J60 -> 994.03001 | D3: ='Previous History'!K60 -> 0.054571778 | E3: ='Previous History'!M60 -> 5.7182273 | F3: ='Previous History'!N60 -> 0.024720619 | G3: ='Previous History'!S89 -> 994.07002 | H3: ='Previous History'!T89 -> 0.054568316 | I3: ='Previous History'!V89 -> 5.6995265 | J3: ='Previous History'!W89 -> 0.024639773 | K3: ='Previous History'!T6 -> 993.99162 | L3: ='Previous History'!U6 -> 0.11571014 | M3: ='Previous History'!W6 -> 5.6915849 | N3: ='Previous History'!X6 -> 0.024610921 | O3: =Report!L8 -> 994.06462 | P3: =Report!M8 -> 0.065681418 | Q3: =Report!O8 -> 5.6775487 | R3: =Report!P8 -> 0.024544537 | S3: =Report!D8 -> 994.1995 | T3: =Report!E8 -> 0.070354849 | U3: =Report!G8 -> 5.6914915 | V3: =Report!H8 -> 0.024639447 | W3: =Report!AI8 -> 994.017 | X3: =Report!AJ8 -> 0.063 | Y3: =Report!AL8 -> 5.686 | Z3: =Report!AM8 -> 0.034 | AA3: =Report!AQ9 -> 993.86518 | AB3: =Report!AR9 -> 0.06325821 | AC3: =Report!AT9 -> 5.7357593 | AD3: =Report!AU9 -> 0.033901539
B4: A2 | C4: ='Previous History'!J61 -> 1980.3588 | D4: ='Previous History'!K61 -> 0.10366107 | E4: ='Previous History'!M61 -> 8.421949 | F4: ='Previous History'!N61 -> 0.036409149 | G4: ='Previous History'!S90 -> 1990.1204 | H4: ='Previous History'!T90 -> 0.10417808 | I4: ='Previous History'!V90 -> 8.4938522 | J4: ='Previous History'!W90 -> 0.036719995 | K4: ='Previous History'!T7 -> 1980.4119 | L4: ='Previous History'!U7 -> 5.8868538 | M4: ='Previous History'!W7 -> 8.3816784 | N4: ='Previous History'!X7 -> 0.03664029 | O4: =Report!L9 -> 1980.5079 | P4: =Report!M9 -> 0.12155553 | Q4: =Report!O9 -> 8.3614742 | R4: =Report!P9 -> 0.036146852 | S4: =Report!D9 -> 1980.7775 | T4: =Report!E9 -> 0.12681451 | U4: =Report!G9 -> 8.3824613 | V4: =Report!H9 -> 0.036289918 | W4: =Report!AI9 -> 1980.52 | X4: =Report!AJ9 -> 0.1 | Y4: =Report!AL9 -> 8.374 | Z4: =Report!AM9 -> 0.05 | AA4: =Report!AQ10 -> 1980.1783 | AB4: =Report!AR10 -> 0.098608217 | AC4: =Report!AT10 -> 8.4486407 | AD4: =Report!AU10 -> 0.049860012
B5: A3 | C5: ='Previous History'!J62 -> 2968.9979 | D5: ='Previous History'!K62 -> 0.15407063 | E5: ='Previous History'!M62 -> 10.712052 | F5: ='Previous History'!N62 -> 0.046309553 | G5: ='Previous History'!S91 -> 2973.7887 | H5: ='Previous History'!T91 -> 0.15431972 | I5: ='Previous History'!V91 -> 10.732353 | J5: ='Previous History'!W91 -> 0.046397317 | K5: ='Previous History'!T8 -> 2968.8226 | L5: ='Previous History'!U8 -> 2.0201527 | M5: ='Previous History'!W8 -> 10.661008 | N5: ='Previous History'!X8 -> 0.04616482 | O5: =Report!L10 -> 2969.2816 | P5: =Report!M10 -> 0.17972598 | Q5: =Report!O10 -> 10.635116 | R5: =Report!P10 -> 0.045975788 | S5: =Report!D10 -> 2969.7059 | T5: =Report!E10 -> 0.18621611 | U5: =Report!G10 -> 10.661872 | V5: =Report!H10 -> 0.04615965 | W5: =Report!AI10 -> 2969.42 | X5: =Report!AJ10 -> 0.14 | Y5: =Report!AL10 -> 10.653 | Z5: =Report!AM10 -> 0.063 | AA5: =Report!AQ11 -> 2968.8291 | AB5: =Report!AR11 -> 0.13834134 | AC5: =Report!AT11 -> 10.732791 | AD5: =Report!AU11 -> 0.063325694
B6: A4 | C6: ='Previous History'!J63 -> 3948.4356 | D6: ='Previous History'!K63 -> 0.20423379 | E6: ='Previous History'!M63 -> 12.706342 | F6: ='Previous History'!N63 -> 0.05493112 | G6: ='Previous History'!S92 -> 3948.9357 | H6: ='Previous History'!T92 -> 0.20425389 | I6: ='Previous History'!V92 -> 12.66634 | J6: ='Previous History'!W92 -> 0.054758187 | K6: ='Previous History'!T9 -> 3948.7118 | L6: ='Previous History'!U9 -> 0.17899555 | M6: ='Previous History'!W9 -> 12.646222 | N6: ='Previous History'!X9 -> 0.054673058 | O6: =Report!L11 -> 3948.8537 | P6: =Report!M11 -> 0.23784992 | Q6: =Report!O11 -> 12.61519 | R6: =Report!P11 -> 0.054535761 | S6: =Report!D11 -> 3949.4225 | T6: =Report!E11 -> 0.24566312 | U6: =Report!G11 -> 12.646962 | V6: =Report!H11 -> 0.054755825 | W6: =Report!AI11 -> 3949.15 | X6: =Report!AJ11 -> 0.18 | Y6: =Report!AL11 -> 12.638 | Z6: =Report!AM11 -> 0.075 | AA6: =Report!AQ12 -> 3948.3254 | AB6: =Report!AR12 -> 0.17909506 | AC6: =Report!AT12 -> 12.739136 | AD6: =Report!AU12 -> 0.075136262
B7: A5 | C7: ='Previous History'!J64 -> 4931.9739 | D7: ='Previous History'!K64 -> 0.25468229 | E7: ='Previous History'!M64 -> 14.481822 | F7: ='Previous History'!N64 -> 0.062606743 | G7: ='Previous History'!S93 -> 4932.724 | H7: ='Previous History'!T93 -> 0.25471524 | I7: ='Previous History'!V93 -> 14.43752 | J7: ='Previous History'!W93 -> 0.06241522 | K7: ='Previous History'!T10 -> 4932.4416 | L7: ='Previous History'!U10 -> 0.21647582 | M7: ='Previous History'!W10 -> 14.413923 | N7: ='Previous History'!X10 -> 0.062314743 | O7: =Report!L12 -> 4932.5965 | P7: =Report!M12 -> 0.29641068 | Q7: =Report!O12 -> 14.378433 | R7: =Report!P12 -> 0.062158453 | S7: =Report!D12 -> 4933.3499 | T7: =Report!E12 -> 0.30556722 | U7: =Report!G12 -> 14.414977 | V7: =Report!H12 -> 0.062412783 | W7: =Report!AI12 -> 4933.13 | X7: =Report!AJ12 -> 0.22 | Y7: =Report!AL12 -> 14.408 | Z7: =Report!AM12 -> 0.085 | AA7: =Report!AQ13 -> 4932.0819 | AB7: =Report!AR13 -> 0.22055479 | AC7: =Report!AT13 -> 14.52553 | AD7: =Report!AU13 -> 0.085657789
B8: A6 | C8: ='Previous History'!J65 -> 5914.202 | D8: ='Previous History'!K65 -> 0.30510597 | E8: ='Previous History'!M65 -> 16.174398 | F8: ='Previous History'!N65 -> 0.069923964 | G8: ='Previous History'!S94 -> 5915.1822 | H8: ='Previous History'!T94 -> 0.3051503 | I8: ='Previous History'!V94 -> 16.122765 | J8: ='Previous History'!W94 -> 0.069700751 | K8: ='Previous History'!T11 -> 5914.8613 | L8: ='Previous History'!U11 -> 0.25412328 | M8: ='Previous History'!W11 -> 16.099119 | N8: ='Previous History'!X11 -> 0.069599105 | O8: =Report!L13 -> 5915.0491 | P8: =Report!M13 -> 0.35499064 | Q8: =Report!O13 -> 16.05883 | R8: =Report!P13 -> 0.069423052 | S8: =Report!D13 -> 5915.9671 | T8: =Report!E13 -> 0.36551399 | U8: =Report!G13 -> 16.100456 | V8: =Report!H13 -> 0.069712738 | W8: =Report!AI13 -> 5915.88 | X8: =Report!AJ13 -> 0.26 | Y8: =Report!AL13 -> 16.09 | Z8: =Report!AM13 -> 0.1 | AA8: =Report!AQ14 -> 5914.5845 | AB8: =Report!AR14 -> 0.2622122 | AC8: =Report!AT14 -> 16.217946 | AD8: =Report!AU14 -> 0.095650589
B9: A7 | C9: ='Previous History'!J66 -> 6890.9693 | D9: ='Previous History'!K66 -> 0.35527449 | E9: ='Previous History'!M66 -> 17.822372 | F9: ='Previous History'!N66 -> 0.077048364 | G9: ='Previous History'!S95 -> 6892.0394 | H9: ='Previous History'!T95 -> 0.35532326 | I9: ='Previous History'!V95 -> 17.765799 | J9: ='Previous History'!W95 -> 0.076803794 | K9: ='Previous History'!T12 -> 6891.6899 | L9: ='Previous History'!U12 -> 0.29240337 | M9: ='Previous History'!W12 -> 17.741713 | N9: ='Previous History'!X12 -> 0.076699724 | O9: =Report!L14 -> 6891.8207 | P9: =Report!M14 -> 0.41328669 | Q9: =Report!O14 -> 17.696425 | R9: =Report!P14 -> 0.076502643 | S9: =Report!D14 -> 6892.8931 | T9: =Report!E14 -> 0.42518958 | U9: =Report!G14 -> 17.743072 | V9: =Report!H14 -> 0.076827317 | W9: =Report!AI14 -> 6892.98 | X9: =Report!AJ14 -> 0.3 | Y9: =Report!AL14 -> 17.74 | Z9: =Report!AM14 -> 0.1 | AA9: =Report!AQ15 -> 6891.3862 | AB9: =Report!AR15 -> 0.30385653 | AC9: =Report!AT15 -> 17.870752 | AD9: =Report!AU15 -> 0.10540082
B10: A8 | C10: ='Previous History'!J67 -> 7863.1258 | D10: ='Previous History'!K67 -> 0.40521194 | E10: ='Previous History'!M67 -> 19.34214 | F10: ='Previous History'!N67 -> 0.083618515 | G10: ='Previous History'!S96 -> 7864.406 | H10: ='Previous History'!T96 -> 0.40527138 | I10: ='Previous History'!V96 -> 19.281318 | J10: ='Previous History'!W96 -> 0.08335557 | K10: ='Previous History'!T13 -> 7864.0478 | L10: ='Previous History'!U13 -> 0.33083325 | M10: ='Previous History'!W13 -> 19.256869 | N10: ='Previous History'!X13 -> 0.083249655 | O10: =Report!L15 -> 7864.1515 | P10: =Report!M15 -> 0.47134832 | Q10: =Report!O15 -> 19.206342 | R10: =Report!P15 -> 0.083030327 | S10: =Report!D15 -> 7865.3283 | T10: =Report!E15 -> 0.48460715 | U10: =Report!G15 -> 19.257578 | V10: =Report!H15 -> 0.08338761 | W10: =Report!AI15 -> 7865.64 | X10: =Report!AJ15 -> 0.35 | Y10: =Report!AL15 -> 19.25 | Z10: =Report!AM15 -> 0.11 | AA10: =Report!AQ16 -> 7863.7411 | AB10: =Report!AR16 -> 0.34541627 | AC10: =Report!AT16 -> 19.401632 | AD10: =Report!AU16 -> 0.11441635
B11: A9 | C11: ='Previous History'!J68 -> 8832.1617 | D11: ='Previous History'!K68 -> 0.45499666 | E11: ='Previous History'!M68 -> 20.801806 | F11: ='Previous History'!N68 -> 0.089928834 | G11: ='Previous History'!S97 -> 8833.702 | H11: ='Previous History'!T97 -> 0.45506939 | I11: ='Previous History'!V97 -> 20.737543 | J11: ='Previous History'!W97 -> 0.089651017 | K11: ='Previous History'!T14 -> 8833.3752 | L11: ='Previous History'!U14 -> 0.36924187 | M11: ='Previous History'!W14 -> 20.713282 | N11: ='Previous History'!X14 -> 0.089545714 | O11: =Report!L16 -> 8833.2017 | P11: =Report!M16 -> 0.52923558 | Q11: =Report!O16 -> 20.657266 | R11: =Report!P16 -> 0.089303007 | S11: =Report!D16 -> 8834.5327 | T11: =Report!E16 -> 0.54384988 | U11: =Report!G16 -> 20.713051 | V11: =Report!H16 -> 0.089692541 | W11: =Report!AI16 -> 8835.46 | X11: =Report!AJ16 -> 0.39 | Y11: =Report!AL16 -> 20.71 | Z11: =Report!AM16 -> 0.12 | AA11: =Report!AQ17 -> 8833.1542 | AB11: =Report!AR17 -> 0.38691711 | AC11: =Report!AT17 -> 20.873333 | AD11: =Report!AU17 -> 0.12308677
B12: A10 | C12: ='Previous History'!J69 -> 9802.568 | D12: ='Previous History'!K69 -> 0.5048632 | E12: ='Previous History'!M69 -> 22.283173 | F12: ='Previous History'!N69 -> 0.096332969 | G12: ='Previous History'!S98 -> 9804.3182 | H12: ='Previous History'!T98 -> 0.50494661 | I12: ='Previous History'!V98 -> 22.21526 | J12: ='Previous History'!W98 -> 0.096039372 | K12: ='Previous History'!T15 -> 9803.9928 | L12: ='Previous History'!U15 -> 0.40859064 | M12: ='Previous History'!W15 -> 22.195967 | N12: ='Previous History'!X15 -> 0.095955077 | O12: =Report!L17 -> 9803.6322 | P12: =Report!M17 -> 0.58722235 | Q12: =Report!O17 -> 22.129571 | R12: =Report!P17 -> 0.095668128 | S12: =Report!D17 -> 9805.0675 | T12: =Report!E17 -> 0.60320872 | U12: =Report!G17 -> 22.189995 | V12: =Report!H17 -> 0.096090494 | W12: =Report!AI17 -> 9806.59 | X12: =Report!AJ17 -> 0.43 | Y12: =Report!AL17 -> 22.22 | Z12: =Report!AM17 -> 0.13 | AA12: =Report!AQ18 -> 9803.7532 | AB12: =Report!AR18 -> 0.42853722 | AC12: =Report!AT18 -> 22.363179 | AD12: =Report!AU18 -> 0.1318692
B13: B1 | C13: ='Previous History'!J77 -> 99.161963 | D13: ='Previous History'!K77 -> 0.0057278827 | E13: ='Previous History'!M77 -> 1.1706227 | F13: ='Previous History'!N77 -> 0.0050607496 | G13: ='Previous History'!S103 -> 99.157962 | H13: ='Previous History'!T103 -> 0.0057256554 | I13: ='Previous History'!V103 -> 1.1674995 | J13: ='Previous History'!W103 -> 0.0050472479 | K13: ='Previous History'!T22 -> 99.161121 | L13: ='Previous History'!U22 -> 0.0061381351 | M13: ='Previous History'!W22 -> 1.1671766 | N13: ='Previous History'!X22 -> 0.0050456074 | O13: =Report!L24 -> 99.156419 | P13: =Report!M24 -> 0.0066229737 | Q13: =Report!O24 -> 1.1635274 | R13: =Report!P24 -> 0.0050298841 | S13: =Report!D24 -> 99.158897 | T13: =Report!E24 -> 0.0076874384 | U13: =Report!G24 -> 1.1660993 | V13: =Report!H24 -> 0.0050478154 | W13: =Report!AI24 -> 99.1417 | X13: =Report!AJ24 -> 0.0072 | Y13: =Report!AL24 -> 1.166 | Z13: =Report!AM24 -> 0.007 | AA13: =Report!AQ24 -> 99.133086 | AB13: =Report!AR24 -> 0.0072189734 | AC13: =Report!AT24 -> 1.1720225 | AD13: =Report!AU24 -> 0.0069132555
B14: B2 | C14: ='Previous History'!J78 -> 199.02804 | D14: ='Previous History'!K78 -> 0.010708552 | E14: ='Previous History'!M78 -> 1.7456886 | F14: ='Previous History'!N78 -> 0.007546832 | G14: ='Previous History'!S104 -> 199.02804 | H14: ='Previous History'!T104 -> 0.010706438 | I14: ='Previous History'!V104 -> 1.7410403 | J14: ='Previous History'!W104 -> 0.0075267372 | K14: ='Previous History'!T23 -> 199.02636 | L14: ='Previous History'!U23 -> 0.0099933281 | M14: ='Previous History'!W23 -> 1.7402493 | N14: ='Previous History'!X23 -> 0.0075229626 | O14: =Report!L25 -> 199.02896 | P14: =Report!M25 -> 0.012292447 | Q14: =Report!O25 -> 1.7351055 | R14: =Report!P25 -> 0.0075007739 | S14: =Report!D25 -> 199.03294 | T14: =Report!E25 -> 0.013528902 | U14: =Report!G25 -> 1.7389427 | V14: =Report!H25 -> 0.0075276 | W14: =Report!AI25 -> 199.001 | X14: =Report!AJ25 -> 0.011 | Y14: =Report!AL25 -> 1.738 | Z14: =Report!AM25 -> 0.01 | AA14: =Report!AQ25 -> 198.98244 | AB14: =Report!AR25 -> 0.011174029 | AC14: =Report!AT25 -> 1.7485011 | AD14: =Report!AU25 -> 0.010309353
B15: B3 | C15: ='Previous History'!J79 -> 298.29402 | D15: ='Previous History'!K79 -> 0.015774484 | E15: ='Previous History'!M79 -> 2.2146597 | F15: ='Previous History'!N79 -> 0.0095742533 | G15: ='Previous History'!S105 -> 298.27802 | H15: ='Previous History'!T105 -> 0.015771525 | I15: ='Previous History'!V105 -> 2.2087604 | J15: ='Previous History'!W105 -> 0.00954875 | K15: ='Previous History'!T24 -> 298.2935 | L15: ='Previous History'!U24 -> 0.014440466 | M15: ='Previous History'!W24 -> 2.207796 | N15: ='Previous History'!X24 -> 0.0095441298 | O15: =Report!L26 -> 298.2944 | P15: =Report!M26 -> 0.018139306 | Q15: =Report!O26 -> 2.2012225 | R15: =Report!P26 -> 0.0095157749 | S15: =Report!D26 -> 298.30086 | T15: =Report!E26 -> 0.019544764 | U15: =Report!G26 -> 2.2060766 | V15: =Report!H26 -> 0.0095498358 | W15: =Report!AI26 -> 298.249 | X15: =Report!AJ26 -> 0.015 | Y15: =Report!AL26 -> 2.205 | Z15: =Report!AM26 -> 0.013 | AA15: =Report!AQ26 -> 298.20467 | AB15: =Report!AR26 -> 0.015342294 | AC15: =Report!AT26 -> 2.220183 | AD15: =Report!AU26 -> 0.013088804
B16: B4 | C16: ='Previous History'!J80 -> 396.55283 | D16: ='Previous History'!K80 -> 0.02087215 | E16: ='Previous History'!M80 -> 2.8021961 | F16: ='Previous History'!N80 -> 0.012114248 | G16: ='Previous History'!S106 -> 396.55083 | H16: ='Previous History'!T106 -> 0.020870504 | I16: ='Previous History'!V106 -> 2.7976669 | J16: ='Previous History'!W106 -> 0.012094667 | K16: ='Previous History'!T25 -> 396.56347 | L16: ='Previous History'!U25 -> 0.018252532 | M16: ='Previous History'!W25 -> 2.7933094 | N16: ='Previous History'!X25 -> 0.012075408 | O16: =Report!L27 -> 396.57567 | P16: =Report!M27 -> 0.023992791 | Q16: =Report!O27 -> 2.7851063 | R16: =Report!P27 -> 0.012039875 | S16: =Report!D27 -> 396.58658 | T16: =Report!E27 -> 0.025713882 | U16: =Report!G27 -> 2.7911949 | V16: =Report!H27 -> 0.012082785 | W16: =Report!AI27 -> 396.524 | X16: =Report!AJ27 -> 0.02 | Y16: =Report!AL27 -> 2.79 | Z16: =Report!AM27 -> 0.016 | AA16: =Report!AQ27 -> 396.48125 | AB16: =Report!AR27 -> 0.019829174 | AC16: =Report!AT27 -> 2.8113081 | AD16: =Report!AU27 -> 0.016573666
B17: B5 | C17: ='Previous History'!J81 -> 494.4916 | D17: ='Previous History'!K81 -> 0.025900963 | E17: ='Previous History'!M81 -> 3.1871034 | F17: ='Previous History'!N81 -> 0.01377825 | G17: ='Previous History'!S107 -> 494.4936 | H17: ='Previous History'!T107 -> 0.02589945 | I17: ='Previous History'!V107 -> 3.1817882 | J17: ='Previous History'!W107 -> 0.013755272 | K17: ='Previous History'!T26 -> 494.51438 | L17: ='Previous History'!U26 -> 0.02237305 | M17: ='Previous History'!W26 -> 3.1765213 | N17: ='Previous History'!X26 -> 0.013732014 | O17: =Report!L28 -> 494.53587 | P17: =Report!M28 -> 0.029828297 | Q17: =Report!O28 -> 3.1675614 | R17: =Report!P28 -> 0.013693219 | S17: =Report!D28 -> 494.54123 | T17: =Report!E28 -> 0.031708301 | U17: =Report!G28 -> 3.1743629 | V17: =Report!H28 -> 0.013741586 | W17: =Report!AI28 -> 494.473 | X17: =Report!AJ28 -> 0.364 | Y17: =Report!AL28 -> 3.173 | Z17: =Report!AM28 -> 0.019 | AA17: =Report!AQ28 -> 494.43126 | AB17: =Report!AR28 -> 0.024043378 | AC17: =Report!AT28 -> 3.1989651 | AD17: =Report!AU28 -> 0.018855831
B18: B6 | C18: ='Previous History'!J82 -> 593.52154 | D18: ='Previous History'!K82 -> 0.030990853 | E18: ='Previous History'!M82 -> 3.5496697 | F18: ='Previous History'!N82 -> 0.01534567 | G18: ='Previous History'!S108 -> 593.52554 | H18: ='Previous History'!T108 -> 0.03098935 | I18: ='Previous History'!V108 -> 3.5435065 | J18: ='Previous History'!W108 -> 0.015319026 | K18: ='Previous History'!T27 -> 594.14458 | L18: ='Previous History'!U27 -> 0.12517757 | M18: ='Previous History'!W27 -> 3.5335417 | N18: ='Previous History'!X27 -> 0.015275654 | O18: =Report!L29 -> 593.62028 | P18: =Report!M29 -> 0.035740115 | Q18: =Report!O29 -> 3.5303874 | R18: =Report!P29 -> 0.015261709 | S18: =Report!D29 -> 593.59611 | T18: =Report!E29 -> 0.037780852 | U18: =Report!G29 -> 3.5374895 | V18: =Report!H29 -> 0.015313651 | W18: =Report!AI29 -> 593.512 | X18: =Report!AJ29 -> 0.028 | Y18: =Report!AL29 -> 3.535 | Z18: =Report!AM29 -> 0.021 | AA18: =Report!AQ29 -> 594.85153 | AB18: =Report!AR29 -> 0.028354887 | AC18: =Report!AT29 -> 3.5530616 | AD18: =Report!AU29 -> 0.020945548
B19: B7 | C19: ='Previous History'!J83 -> 691.35529 | D19: ='Previous History'!K83 -> 0.036026377 | E19: ='Previous History'!M83 -> 3.9065458 | F19: ='Previous History'!N83 -> 0.016888491 | G19: ='Previous History'!S109 -> 691.35429 | H19: ='Previous History'!T109 -> 0.036024535 | I19: ='Previous History'!V109 -> 3.8996025 | J19: ='Previous History'!W109 -> 0.016858474 | K19: ='Previous History'!T28 -> 691.38737 | L19: ='Previous History'!U28 -> 0.030514135 | M19: ='Previous History'!W28 -> 3.8930622 | N19: ='Previous History'!X28 -> 0.016829566 | O19: =Report!L30 -> 691.43446 | P19: =Report!M30 -> 0.041582222 | Q19: =Report!O30 -> 3.8822528 | R19: =Report!P30 -> 0.016782818 | S19: =Report!D30 -> 691.43474 | T19: =Report!E30 -> 0.043793554 | U19: =Report!G30 -> 3.8900894 | V19: =Report!H30 -> 0.016840154 | W19: =Report!AI30 -> 691.343 | X19: =Report!AJ30 -> 0.033 | Y19: =Report!AL30 -> 3.893 | Z19: =Report!AM30 -> 0.023 | AA19: =Report!AQ30 -> 691.30087 | AB19: =Report!AR30 -> 0.032572905 | AC19: =Report!AT30 -> 3.9212505 | AD19: =Report!AU30 -> 0.023114013
B20: B8 | C20: ='Previous History'!J84 -> 789.14603 | D20: ='Previous History'!K84 -> 0.041051582 | E20: ='Previous History'!M84 -> 4.2106495 | F20: ='Previous History'!N84 -> 0.018203169 | G20: ='Previous History'!S110 -> 789.14203 | H20: ='Previous History'!T110 -> 0.041049472 | I20: ='Previous History'!V110 -> 4.2027261 | J20: ='Previous History'!W110 -> 0.018168916 | K20: ='Previous History'!T29 -> 789.17826 | L20: ='Previous History'!U29 -> 0.034488312 | M20: ='Previous History'!W29 -> 4.1957495 | N20: ='Previous History'!X29 -> 0.018138065 | O20: =Report!L31 -> 789.23464 | P20: =Report!M31 -> 0.047423931 | Q20: =Report!O31 -> 4.1843013 | R20: =Report!P31 -> 0.018088575 | S20: =Report!D31 -> 789.22937 | T20: =Report!E31 -> 0.049780146 | U20: =Report!G31 -> 4.1925208 | V20: =Report!H31 -> 0.018149511 | W20: =Report!AI31 -> 789.131 | X20: =Report!AJ31 -> 0.037 | Y20: =Report!AL31 -> 4.197 | Z20: =Report!AM31 -> 0.025 | AA20: =Report!AQ31 -> 789.07784 | AB20: =Report!AR31 -> 0.036778844 | AC20: =Report!AT31 -> 4.2255214 | AD20: =Report!AU31 -> 0.024909422
B21: B9 | C21: ='Previous History'!J85 -> 887.36284 | D21: ='Previous History'!K85 -> 0.046106048 | E21: ='Previous History'!M85 -> 4.5292938 | F21: ='Previous History'!N85 -> 0.019580709 | G21: ='Previous History'!S111 -> 887.36984 | H21: ='Previous History'!T111 -> 0.0461044 | I21: ='Previous History'!V111 -> 4.5205204 | J21: ='Previous History'!W111 -> 0.01954278 | K21: ='Previous History'!T30 -> 887.39622 | L21: ='Previous History'!U30 -> 0.038437384 | M21: ='Previous History'!W30 -> 4.5130276 | N21: ='Previous History'!X30 -> 0.019509642 | O21: =Report!L32 -> 887.4889 | P21: =Report!M32 -> 0.053296749 | Q21: =Report!O32 -> 4.5008786 | R21: =Report!P32 -> 0.019457139 | S21: =Report!D32 -> 887.49408 | T21: =Report!E32 -> 0.055815985 | U21: =Report!G32 -> 4.5095331 | V21: =Report!H32 -> 0.019521989 | W21: =Report!AI32 -> 887.363 | X21: =Report!AJ32 -> 0.041 | Y21: =Report!AL32 -> 4.515 | Z21: =Report!AM32 -> 0.027 | AA21: =Report!AQ32 -> 887.3028 | AB21: =Report!AR32 -> 0.041046636 | AC21: =Report!AT32 -> 4.5463784 | AD21: =Report!AU32 -> 0.026798687
B22: B10 | C22: ='Previous History'!J86 -> 984.77052 | D22: ='Previous History'!K86 -> 0.051119816 | E22: ='Previous History'!M86 -> 4.8375777 | F22: ='Previous History'!N86 -> 0.020913459 | G22: ='Previous History'!S112 -> 984.77752 | H22: ='Previous History'!T112 -> 0.051118057 | I22: ='Previous History'!V112 -> 4.8278862 | J22: ='Previous History'!W112 -> 0.020871562 | K22: ='Previous History'!T31 -> 984.81804 | L22: ='Previous History'!U31 -> 0.04252501 | M22: ='Previous History'!W31 -> 4.8219112 | N22: ='Previous History'!X31 -> 0.020844886 | O22: =Report!L33 -> 984.94202 | P22: =Report!M33 -> 0.059123218 | Q22: =Report!O33 -> 4.8071564 | R22: =Report!P33 -> 0.020781179 | S22: =Report!D33 -> 984.95064 | T22: =Report!E33 -> 0.061804451 | U22: =Report!G33 -> 4.8162648 | V22: =Report!H33 -> 0.02084997 | W22: =Report!AI33 -> 984.794 | X22: =Report!AJ33 -> 0.045 | Y22: =Report!AL33 -> 4.823 | Z22: =Report!AM33 -> 0.029 | AA22: =Report!AQ33 -> 984.77975 | AB22: =Report!AR33 -> 0.045246445 | AC22: =Report!AT33 -> 4.8225633 | AD22: =Report!AU33 -> 0.0285084
A23: Note
A24: 45805 | C24: ## | D24: No report for S21069 found | E24: ## | F24: All figures from report S2****
B26: b10
C28: L | D28: uL | E28: R | F28: uR
B29: 34971 | C29: =VLOOKUP($B$26,previous,2,FALSE()) -> 984.77052 | D29: =VLOOKUP($B$26,previous,3,FALSE()) -> 0.051119816 | E29: =VLOOKUP($B$26,previous,4,FALSE()) -> 4.8375777 | F29: =VLOOKUP($B$26,previous,5,FALSE()) -> 0.020913459
B30: 36749 | C30: =VLOOKUP($B$26,previous,6,FALSE()) -> 984.77752 | D30: =VLOOKUP($B$26,previous,7,FALSE()) -> 0.051118057 | E30: =VLOOKUP($B$26,previous,8,FALSE()) -> 4.8278862 | F30: =VLOOKUP($B$26,previous,9,FALSE()) -> 0.020871562
B31: 38408 | C31: =VLOOKUP($B$26,previous,10,FALSE()) -> 984.81804 | D31: =VLOOKUP($B$26,previous,11,FALSE()) -> 0.04252501 | E31: =VLOOKUP($B$26,previous,12,FALSE()) -> 4.8219112 | F31: =VLOOKUP($B$26,previous,13,FALSE()) -> 0.020844886
B32: 39997 | C32: =VLOOKUP($B$26,previous,14,FALSE()) -> 984.94202 | D32: =VLOOKUP($B$26,previous,15,FALSE()) -> 0.059123218 | E32: =VLOOKUP($B$26,previous,16,FALSE()) -> 4.8071564 | F32: =VLOOKUP($B$26,previous,17,FALSE()) -> 0.020781179
B33: 41921 | C33: =VLOOKUP($B$26,previous,18,FALSE()) -> 984.95064 | D33: =VLOOKUP($B$26,previous,19,FALSE()) -> 0.061804451 | E33: =VLOOKUP($B$26,previous,20,FALSE()) -> 4.8162648 | F33: =VLOOKUP($B$26,previous,21,FALSE()) -> 0.02084997
B34: =W1 -> 44146 | C34: =VLOOKUP($B$26,previous,22,FALSE()) -> 984.794 | D34: =VLOOKUP($B$26,previous,23,FALSE()) -> 0.045 | E34: =VLOOKUP($B$26,previous,24,FALSE()) -> 4.823 | F34: =VLOOKUP($B$26,previous,25,FALSE()) -> 0.029

Sheet Report
A1: checked by: | D1: humidity | E1: ='Room data logger'!C55 -> 43.073469 | F1: %RH
D2: temperature | E2: =H3 -> 19.485 | K2: 39997 | Z2: 41921 | AP2: 45793
G3: temperature | H3: =AVERAGE(Results!L12:L31) -> 19.485 | K3: S21740 | L3: 2009 | AH3: 09-10/11/2020
B5: dial code | C5: Tap | D5: Inductance | E5: Expanded | F5: Coverage | G5: Resistance | H5: Expanded | I5: Coverage | K5: Tap | L5: Inductance | M5: Expanded | N5: Coverage | O5: Resistance | P5: Expanded | Q5: Coverage | Z5: Tap | AA5: Inductance | AB5: Expanded | AC5: Coverage | AD5: Resistance | AE5: Expanded | AF5: Coverage
E6: uncertainty | F6: factor | H6: uncertainty | I6: factor | M6: uncertainty | N6: factor | P6: uncertainty | Q6: factor | AB6: uncertainty | AC6: factor | AE6: uncertainty | AF6: factor
D7: (mH) | E7: (mH) | G7: (W) | H7: (W) | L7: (mH) | M7: (mH) | O7: (W) | P7: (W) | AA7: (mH) | AB7: (mH) | AD7: (W) | AE7: (W) | AH7: Tap | AI7: Inductance (µH) | AJ7: Expanded Uncertainty (µH) | AK7: Coverage Factor | AL7: Resistance (Ω) | AM7: Expanded Uncertainty (Ω) | AN7: Coverage Factor | AR7: uncertainty | AS7: factor | AU7: uncertainty | AV7: factor
B8: A1 | C8: 1 | D8: =VLOOKUP(B8,Rangex,5,FALSE())*1000 -> 994.1995 | E8: =VLOOKUP($B8,ub_uncertainty,2,FALSE())*1000 -> 0.070354849 | F8: =VLOOKUP($B8,ub_uncertainty,3,FALSE()) -> 2.0689921 | G8: =VLOOKUP(B8,Rangex,7,FALSE()) -> 5.6914915 | H8: =VLOOKUP($B8,ub_uncertainty,4,FALSE()) -> 0.024639447 | I8: =VLOOKUP($B8,ub_uncertainty,5,FALSE()) -> 2.1611894 | K8: 1 | L8: 994.06462 | M8: 0.065681418 | N8: 2.0503423 | O8: 5.6775487 | P8: 0.024544537 | Q8: 2.1614365 | Z8: 1 | AA8: 994.06462 | AB8: 0.065681418 | AC8: 2.0503423 | AD8: 5.6775487 | AE8: 0.024544537 | AF8: 2.1614365 | AH8: 1 | AI8: 994.017 | AJ8: 0.063 | AK8: 2 | AL8: 5.686 | AM8: 0.034 | AN8: 2.1 | AP8: 1 | AQ8: (mH) | AR8: (mH) | AT8: (W) | AU8: (W)
B9: A2 | C9: 2 | D9: =VLOOKUP(B9,Rangex,5,FALSE())*1000 -> 1980.7775 | E9: =VLOOKUP($B9,ub_uncertainty,2,FALSE())*1000 -> 0.12681451 | F9: =VLOOKUP($B9,ub_uncertainty,3,FALSE()) -> 2.0918646 | G9: =VLOOKUP(B9,Rangex,7,FALSE()) -> 8.3824613 | H9: =VLOOKUP($B9,ub_uncertainty,4,FALSE()) -> 0.036289918 | I9: =VLOOKUP($B9,ub_uncertainty,5,FALSE()) -> 2.1611657 | K9: 2 | L9: 1980.5079 | M9: 0.12155553 | N9: 2.0650028 | O9: 8.3614742 | P9: 0.036146852 | Q9: 2.1614658 | Z9: 2 | AA9: 1980.5079 | AB9: 0.12155553 | AC9: 2.0650028 | AD9: 8.3614742 | AE9: 0.036146852 | AF9: 2.1614658 | AH9: 2 | AI9: 1980.52 | AJ9: 0.1 | AK9: 2 | AL9: 8.374 | AM9: 0.05 | AN9: 2.1 | AP9: 2 | AQ9: 993.86518 | AR9: 0.06325821 | AS9: 1.9889169 | AT9: 5.7357593 | AU9: 0.033901539 | AV9: 2.0825444
B10: A3 | C10: 3 | D10: =VLOOKUP(B10,Rangex,5,FALSE())*1000 -> 2969.7059 | E10: =VLOOKUP($B10,ub_uncertainty,2,FALSE())*1000 -> 0.18621611 | F10: =VLOOKUP($B10,ub_uncertainty,3,FALSE()) -> 2.1049841 | G10: =VLOOKUP(B10,Rangex,7,FALSE()) -> 10.661872 | H10: =VLOOKUP($B10,ub_uncertainty,4,FALSE()) -> 0.04615965 | I10: =VLOOKUP($B10,ub_uncertainty,5,FALSE()) -> 2.1611208 | K10: 3 | L10: 2969.2816 | M10: 0.17972598 | N10: 2.071429 | O10: 10.635116 | P10: 0.045975788 | Q10: 2.1614717 | Z10: 3 | AA10: 2969.2816 | AB10: 0.17972598 | AC10: 2.071429 | AD10: 10.635116 | AE10: 0.045975788 | AF10: 2.1614717 | AH10: 3 | AI10: 2969.42 | AJ10: 0.14 | AK10: 2 | AL10: 10.653 | AM10: 0.063 | AN10: 2.1 | AP10: 3 | AQ10: 1980.1783 | AR10: 0.098608217 | AS10: 2.0001778 | AT10: 8.4486407 | AU10: 0.049860012 | AV10: 2.0836311
B11: A4 | C11: 4 | D11: =VLOOKUP(B11,Rangex,5,FALSE())*1000 -> 3949.4225 | E11: =VLOOKUP($B11,ub_uncertainty,2,FALSE())*1000 -> 0.24566312 | F11: =VLOOKUP($B11,ub_uncertainty,3,FALSE()) -> 2.1113631 | G11: =VLOOKUP(B11,Rangex,7,FALSE()) -> 12.646962 | H11: =VLOOKUP($B11,ub_uncertainty,4,FALSE()) -> 0.054755825 | I11: =VLOOKUP($B11,ub_uncertainty,5,FALSE()) -> 2.1610729 | K11: 4 | L11: 3948.8537 | M11: 0.23784992 | N11: 2.0741145 | O11: 12.61519 | P11: 0.054535761 | Q11: 2.1614719 | Z11: 4 | AA11: 3948.8537 | AB11: 0.23784992 | AC11: 2.0741145 | AD11: 12.61519 | AE11: 0.054535761 | AF11: 2.1614719 | AH11: 4 | AI11: 3949.15 | AJ11: 0.18 | AK11: 2 | AL11: 12.638 | AM11: 0.075 | AN11: 2.1 | AP11: 4 | AQ11: 2968.8291 | AR11: 0.13834134 | AS11: 2.0100638 | AT11: 10.732791 | AU11: 0.063325694 | AV11: 2.0844034
B12: A5 | C12: 5 | D12: =VLOOKUP(B12,Rangex,5,FALSE())*1000 -> 4933.3499 | E12: =VLOOKUP($B12,ub_uncertainty,2,FALSE())*1000 -> 0.30556722 | F12: =VLOOKUP($B12,ub_uncertainty,3,FALSE()) -> 2.1150498 | G12: =VLOOKUP(B12,Rangex,7,FALSE()) -> 14.414977 | H12: =VLOOKUP($B12,ub_uncertainty,4,FALSE()) -> 0.062412783 | I12: =VLOOKUP($B12,ub_uncertainty,5,FALSE()) -> 2.1610229 | K12: 5 | L12: 4932.5965 | M12: 0.29641068 | N12: 2.0754801 | O12: 14.378433 | P12: 0.062158453 | Q12: 2.1614697 | Z12: 5 | AA12: 4932.5965 | AB12: 0.29641068 | AC12: 2.0754801 | AD12: 14.378433 | AE12: 0.062158453 | AF12: 2.1614697 | AH12: 5 | AI12: 4933.13 | AJ12: 0.22 | AK12: 2 | AL12: 14.408 | AM12: 0.085 | AN12: 2.1 | AP12: 5 | AQ12: 3948.3254 | AR12: 0.17909506 | AS12: 2.0155571 | AT12: 12.739136 | AU12: 0.075136262 | AV12: 2.0843526
B13: A6 | C13: 6 | D13: =VLOOKUP(B13,Rangex,5,FALSE())*1000 -> 5915.9671 | E13: =VLOOKUP($B13,ub_uncertainty,2,FALSE())*1000 -> 0.36551399 | F13: =VLOOKUP($B13,ub_uncertainty,3,FALSE()) -> 2.1173334 | G13: =VLOOKUP(B13,Rangex,7,FALSE()) -> 16.100456 | H13: =VLOOKUP($B13,ub_uncertainty,4,FALSE()) -> 0.069712738 | I13: =VLOOKUP($B13,ub_uncertainty,5,FALSE()) -> 2.1609762 | K13: 6 | L13: 5915.0491 | M13: 0.35499064 | N13: 2.0762586 | O13: 16.05883 | P13: 0.069423052 | Q13: 2.1614669 | Z13: 6 | AA13: 5915.0491 | AB13: 0.35499064 | AC13: 2.0762586 | AD13: 16.05883 | AE13: 0.069423052 | AF13: 2.1614669 | AH13: 6 | AI13: 5915.88 | AJ13: 0.26 | AK13: 2 | AL13: 16.09 | AM13: 0.1 | AN13: 2.1 | AP13: 6 | AQ13: 4932.0819 | AR13: 0.22055479 | AS13: 2.0188846 | AT13: 14.52553 | AU13: 0.085657789 | AV13: 2.0843071
B14: A7 | C14: 7 | D14: =VLOOKUP(B14,Rangex,5,FALSE())*1000 -> 6892.8931 | E14: =VLOOKUP($B14,ub_uncertainty,2,FALSE())*1000 -> 0.42518958 | F14: =VLOOKUP($B14,ub_uncertainty,3,FALSE()) -> 2.1188414 | G14: =VLOOKUP(B14,Rangex,7,FALSE()) -> 17.743072 | H14: =VLOOKUP($B14,ub_uncertainty,4,FALSE()) -> 0.076827317 | I14: =VLOOKUP($B14,ub_uncertainty,5,FALSE()) -> 2.1609343 | K14: 7 | L14: 6891.8207 | M14: 0.41328669 | N14: 2.0767416 | O14: 17.696425 | P14: 0.076502643 | Q14: 2.161464 | Z14: 7 | AA14: 6891.8207 | AB14: 0.41328669 | AC14: 2.0767416 | AD14: 17.696425 | AE14: 0.076502643 | AF14: 2.161464 | AH14: 7 | AI14: 6892.98 | AJ14: 0.3 | AK14: 2 | AL14: 17.74 | AM14: 0.1 | AN14: 2.1 | AP14: 7 | AQ14: 5914.5845 | AR14: 0.2622122 | AS14: 2.0210773 | AT14: 16.217946 | AU14: 0.095650589 | AV14: 2.0846631
B15: A8 | C15: 8 | D15: =VLOOKUP(B15,Rangex,5,FALSE())*1000 -> 7865.3283 | E15: =VLOOKUP($B15,ub_uncertainty,2,FALSE())*1000 -> 0.48460715 | F15: =VLOOKUP($B15,ub_uncertainty,3,FALSE()) -> 2.1199614 | G15: =VLOOKUP(B15,Rangex,7,FALSE()) -> 19.257578 | H15: =VLOOKUP($B15,ub_uncertainty,4,FALSE()) -> 0.08338761 | I15: =VLOOKUP($B15,ub_uncertainty,5,FALSE()) -> 2.1608919 | K15: 8 | L15: 7864.1515 | M15: 0.47134832 | N15: 2.0770672 | O15: 19.206342 | P15: 0.083030327 | Q15: 2.1614607 | Z15: 8 | AA15: 7864.1515 | AB15: 0.47134832 | AC15: 2.0770672 | AD15: 19.206342 | AE15: 0.083030327 | AF15: 2.1614607 | AH15: 8 | AI15: 7865.64 | AJ15: 0.35 | AK15: 2 | AL15: 19.25 | AM15: 0.11 | AN15: 2.1 | AP15: 8 | AQ15: 6891.3862 | AR15: 0.30385653 | AS15: 2.0225241 | AT15: 17.870752 | AU15: 0.10540082 | AV15: 2.0847608
B16: A9 | C16: 9 | D16: =VLOOKUP(B16,Rangex,5,FALSE())*1000 -> 8834.5327 | E16: =VLOOKUP($B16,ub_uncertainty,2,FALSE())*1000 -> 0.54384988 | F16: =VLOOKUP($B16,ub_uncertainty,3,FALSE()) -> 2.1208049 | G16: =VLOOKUP(B16,Rangex,7,FALSE()) -> 20.713051 | H16: =VLOOKUP($B16,ub_uncertainty,4,FALSE()) -> 0.089692541 | I16: =VLOOKUP($B16,ub_uncertainty,5,FALSE()) -> 2.1608513 | K16: 9 | L16: 8833.2017 | M16: 0.52923558 | N16: 2.077297 | O16: 20.657266 | P16: 0.089303007 | Q16: 2.1614574 | Z16: 9 | AA16: 8833.2017 | AB16: 0.52923558 | AC16: 2.077297 | AD16: 20.657266 | AE16: 0.089303007 | AF16: 2.1614574 | AH16: 9 | AI16: 8835.46 | AJ16: 0.39 | AK16: 2 | AL16: 20.71 | AM16: 0.12 | AN16: 2.1 | AP16: 9 | AQ16: 7863.7411 | AR16: 0.34541627 | AS16: 2.0235577 | AT16: 19.401632 | AU16: 0.11441635 | AV16: 2.084676
B17: A10 | C17: 10 | D17: =VLOOKUP(B17,Rangex,5,FALSE())*1000 -> 9805.0675 | E17: =VLOOKUP($B17,ub_uncertainty,2,FALSE())*1000 -> 0.60320872 | F17: =VLOOKUP($B17,ub_uncertainty,3,FALSE()) -> 2.1214333 | G17: =VLOOKUP(B17,Rangex,7,FALSE()) -> 22.189995 | H17: =VLOOKUP($B17,ub_uncertainty,4,FALSE()) -> 0.096090494 | I17: =VLOOKUP($B17,ub_uncertainty,5,FALSE()) -> 2.1608155 | K17: 10 | L17: 9803.6322 | M17: 0.58722235 | N17: 2.0774643 | O17: 22.129571 | P17: 0.095668128 | Q17: 2.1614544 | Z17: 10 | AA17: 9803.6322 | AB17: 0.58722235 | AC17: 2.0774643 | AD17: 22.129571 | AE17: 0.095668128 | AF17: 2.1614544 | AH17: 10 | AI17: 9806.59 | AJ17: 0.43 | AK17: 2 | AL17: 22.22 | AM17: 0.13 | AN17: 2.1 | AP17: 10 | AQ17: 8833.1542 | AR17: 0.38691711 | AS17: 2.0243345 | AT17: 20.873333 | AU17: 0.12308677 | AV17: 2.0846133
AQ18: 9803.7532 | AR18: 0.42853722 | AS18: 2.0249271 | AT18: 22.363179 | AU18: 0.1318692 | AV18: 2.0846013
C21: Tap | D21: Inductance | E21: Expanded | F21: Coverage | G21: Resistance | H21: Expanded | I21: Coverage | K21: Tap | L21: Inductance | M21: Expanded | N21: Coverage | O21: Resistance | P21: Expanded | Q21: Coverage | Z21: Tap | AA21: Inductance | AB21: Expanded | AC21: Coverage | AD21: Resistance | AE21: Expanded | AF21: Coverage | AP21: Tap | AQ21: Inductance | AR21: Expanded | AS21: Coverage | AT21: Resistance | AU21: Expanded | AV21: Coverage
E22: uncertainty | F22: factor | H22: uncertainty | I22: factor | M22: uncertainty | N22: factor | P22: uncertainty | Q22: factor | AB22: uncertainty | AC22: factor | AE22: uncertainty | AF22: factor | AR22: uncertainty | AS22: factor | AU22: uncertainty | AV22: factor
D23: (mH) | E23: (mH) | G23: (W) | H23: (W) | L23: (mH) | M23: (mH) | O23: (W) | P23: (W) | AA23: (mH) | AB23: (mH) | AD23: (W) | AE23: (W) | AH23: Tap | AI23: Inductance (µH) | AJ23: Expanded Uncertainty (µH) | AK23: Coverage Factor | AL23: Resistance (Ω) | AM23: Expanded Uncertainty (Ω) | AN23: Coverage Factor | AQ23: (mH) | AR23: (mH) | AT23: (W) | AU23: (W)
B24: B1 | C24: 1 | D24: =VLOOKUP(B24,Rangex,5,FALSE()) -> 99.158897 | E24: =VLOOKUP($B24,ub_uncertainty,2,FALSE()) -> 0.0076874384 | F24: =VLOOKUP($B24,ub_uncertainty,3,FALSE()) -> 2.0420207 | G24: =VLOOKUP(B24,Rangex,7,FALSE()) -> 1.1660993 | H24: =VLOOKUP($B24,ub_uncertainty,4,FALSE()) -> 0.0050478154 | I24: =VLOOKUP($B24,ub_uncertainty,5,FALSE()) -> 2.1613191 | K24: 1 | L24: 99.156419 | M24: 0.0066229737 | N24: 2.0459994 | O24: 1.1635274 | P24: 0.0050298841 | Q24: 2.1614941 | Z24: 1 | AA24: 99.156419 | AB24: 0.0066229737 | AC24: 2.0459994 | AD24: 1.1635274 | AE24: 0.0050298841 | AF24: 2.1614941 | AH24: 1 | AI24: 99.1417 | AJ24: 0.0072 | AK24: 2 | AL24: 1.166 | AM24: 0.007 | AN24: 2.1 | AP24: 1 | AQ24: 99.133086 | AR24: 0.0072189734 | AS24: 1.9977098 | AT24: 1.1720225 | AU24: 0.0069132555 | AV24: 2.084494
B25: B2 | C25: 2 | D25: =VLOOKUP(B25,Rangex,5,FALSE()) -> 199.03294 | E25: =VLOOKUP($B25,ub_uncertainty,2,FALSE()) -> 0.013528902 | F25: =VLOOKUP($B25,ub_uncertainty,3,FALSE()) -> 2.0629861 | G25: =VLOOKUP(B25,Rangex,7,FALSE()) -> 1.7389427 | H25: =VLOOKUP($B25,ub_uncertainty,4,FALSE()) -> 0.0075276 | I25: =VLOOKUP($B25,ub_uncertainty,5,FALSE()) -> 2.1613142 | K25: 2 | L25: 199.02896 | M25: 0.012292447 | N25: 2.0616927 | O25: 1.7351055 | P25: 0.0075007739 | Q25: 2.1615013 | Z25: 2 | AA25: 199.02896 | AB25: 0.012292447 | AC25: 2.0616927 | AD25: 1.7351055 | AE25: 0.0075007739 | AF25: 2.1615013 | AH25: 2 | AI25: 199.001 | AJ25: 0.011 | AK25: 2 | AL25: 1.738 | AM25: 0.01 | AN25: 2.1 | AP25: 2 | AQ25: 198.98244 | AR25: 0.011174029 | AS25: 2.0028105 | AT25: 1.7485011 | AU25: 0.010309353 | AV25: 2.0847049
B26: B3 | C26: 3 | D26: =VLOOKUP(B26,Rangex,5,FALSE()) -> 298.30086 | E26: =VLOOKUP($B26,ub_uncertainty,2,FALSE()) -> 0.019544764 | F26: =VLOOKUP($B26,ub_uncertainty,3,FALSE()) -> 2.0780439 | G26: =VLOOKUP(B26,Rangex,7,FALSE()) -> 2.2060766 | H26: =VLOOKUP($B26,ub_uncertainty,4,FALSE()) -> 0.0095498358 | I26: =VLOOKUP($B26,ub_uncertainty,5,FALSE()) -> 2.1613034 | K26: 3 | L26: 298.2944 | M26: 0.018139306 | N26: 2.0687632 | O26: 2.2012225 | P26: 0.0095157749 | Q26: 2.1615026 | Z26: 3 | AA26: 298.2944 | AB26: 0.018139306 | AC26: 2.0687632 | AD26: 2.2012225 | AE26: 0.0095157749 | AF26: 2.1615026 | AH26: 3 | AI26: 298.249 | AJ26: 0.015 | AK26: 2 | AL26: 2.205 | AM26: 0.013 | AN26: 2.1 | AP26: 3 | AQ26: 298.20467 | AR26: 0.015342294 | AS26: 2.0065478 | AT26: 2.220183 | AU26: 0.013088804 | AV26: 2.0847654
B27: B4 | C27: 4 | D27: =VLOOKUP(B27,Rangex,5,FALSE()) -> 396.58658 | E27: =VLOOKUP($B27,ub_uncertainty,2,FALSE()) -> 0.025713882 | F27: =VLOOKUP($B27,ub_uncertainty,3,FALSE()) -> 2.0836041 | G27: =VLOOKUP(B27,Rangex,7,FALSE()) -> 2.7911949 | H27: =VLOOKUP($B27,ub_uncertainty,4,FALSE()) -> 0.012082785 | I27: =VLOOKUP($B27,ub_uncertainty,5,FALSE()) -> 2.1613002 | K27: 4 | L27: 396.57567 | M27: 0.023992791 | N27: 2.0714871 | O27: 2.7851063 | P27: 0.012039875 | Q27: 2.1615038 | Z27: 4 | AA27: 396.57567 | AB27: 0.023992791 | AC27: 2.0714871 | AD27: 2.7851063 | AE27: 0.012039875 | AF27: 2.1615038 | AH27: 4 | AI27: 396.524 | AJ27: 0.02 | AK27: 2 | AL27: 2.79 | AM27: 0.016 | AN27: 2.1 | AP27: 4 | AQ27: 396.48125 | AR27: 0.019829174 | AS27: 2.0094073 | AT27: 2.8113081 | AU27: 0.016573666 | AV27: 2.0849079
B28: B5 | C28: 5 | D28: =VLOOKUP(B28,Rangex,5,FALSE()) -> 494.54123 | E28: =VLOOKUP($B28,ub_uncertainty,2,FALSE()) -> 0.031708301 | F28: =VLOOKUP($B28,ub_uncertainty,3,FALSE()) -> 2.0899605 | G28: =VLOOKUP(B28,Rangex,7,FALSE()) -> 3.1743629 | H28: =VLOOKUP($B28,ub_uncertainty,4,FALSE()) -> 0.013741586 | I28: =VLOOKUP($B28,ub_uncertainty,5,FALSE()) -> 2.1612898 | K28: 5 | L28: 494.53587 | M28: 0.029828297 | N28: 2.0732299 | O28: 3.1675614 | P28: 0.013693219 | Q28: 2.1615033 | Z28: 5 | AA28: 494.53587 | AB28: 0.029828297 | AC28: 2.0732299 | AD28: 3.1675614 | AE28: 0.013693219 | AF28: 2.1615033 | AH28: 5 | AI28: 494.473 | AJ28: 0.364 | AK28: 2.2 | AL28: 3.173 | AM28: 0.019 | AN28: 2.1 | AP28: 5 | AQ28: 494.43126 | AR28: 0.024043378 | AS28: 2.0109098 | AT28: 3.1989651 | AU28: 0.018855831 | AV28: 2.0846914
B29: B6 | C29: 6 | D29: =VLOOKUP(B29,Rangex,5,FALSE()) -> 593.59611 | E29: =VLOOKUP($B29,ub_uncertainty,2,FALSE()) -> 0.037780852 | F29: =VLOOKUP($B29,ub_uncertainty,3,FALSE()) -> 2.0945415 | G29: =VLOOKUP(B29,Rangex,7,FALSE()) -> 3.5374895 | H29: =VLOOKUP($B29,ub_uncertainty,4,FALSE()) -> 0.015313651 | I29: =VLOOKUP($B29,ub_uncertainty,5,FALSE()) -> 2.1612796 | K29: 6 | L29: 593.62028 | M29: 0.035740115 | N29: 2.0742955 | O29: 3.5303874 | P29: 0.015261709 | Q29: 2.1615026 | Z29: 6 | AA29: 593.62028 | AB29: 0.035740115 | AC29: 2.0742955 | AD29: 3.5303874 | AE29: 0.015261709 | AF29: 2.1615026 | AH29: 6 | AI29: 593.512 | AJ29: 0.028 | AK29: 2 | AL29: 3.535 | AM29: 0.021 | AN29: 2.1 | AP29: 6 | AQ29: 594.85153 | AR29: 0.028354887 | AS29: 2.012319 | AT29: 3.5530616 | AU29: 0.020945548 | AV29: 2.0849143
B30: B7 | C30: 7 | D30: =VLOOKUP(B30,Rangex,5,FALSE()) -> 691.43474 | E30: =VLOOKUP($B30,ub_uncertainty,2,FALSE()) -> 0.043793554 | F30: =VLOOKUP($B30,ub_uncertainty,3,FALSE()) -> 2.0977927 | G30: =VLOOKUP(B30,Rangex,7,FALSE()) -> 3.8900894 | H30: =VLOOKUP($B30,ub_uncertainty,4,FALSE()) -> 0.016840154 | I30: =VLOOKUP($B30,ub_uncertainty,5,FALSE()) -> 2.1612705 | K30: 7 | L30: 691.43446 | M30: 0.041582222 | N30: 2.0749755 | O30: 3.8822528 | P30: 0.016782818 | Q30: 2.161502 | Z30: 7 | AA30: 691.43446 | AB30: 0.041582222 | AC30: 2.0749755 | AD30: 3.8822528 | AE30: 0.016782818 | AF30: 2.161502 | AH30: 7 | AI30: 691.343 | AJ30: 0.033 | AK30: 2 | AL30: 3.893 | AM30: 0.023 | AN30: 2.1 | AP30: 7 | AQ30: 691.30087 | AR30: 0.032572905 | AS30: 2.0133586 | AT30: 3.9212505 | AU30: 0.023114013 | AV30: 2.0848079
B31: B8 | C31: 8 | D31: =VLOOKUP(B31,Rangex,5,FALSE()) -> 789.22937 | E31: =VLOOKUP($B31,ub_uncertainty,2,FALSE()) -> 0.049780146 | F31: =VLOOKUP($B31,ub_uncertainty,3,FALSE()) -> 2.1006905 | G31: =VLOOKUP(B31,Rangex,7,FALSE()) -> 4.1925208 | H31: =VLOOKUP($B31,ub_uncertainty,4,FALSE()) -> 0.018149511 | I31: =VLOOKUP($B31,ub_uncertainty,5,FALSE()) -> 2.1612601 | K31: 8 | L31: 789.23464 | M31: 0.047423931 | N31: 2.075488 | O31: 4.1843013 | P31: 0.018088575 | Q31: 2.1615012 | Z31: 8 | AA31: 789.23464 | AB31: 0.047423931 | AC31: 2.075488 | AD31: 4.1843013 | AE31: 0.018088575 | AF31: 2.1615012 | AH31: 8 | AI31: 789.131 | AJ31: 0.037 | AK31: 2 | AL31: 4.197 | AM31: 0.025 | AN31: 2.1 | AP31: 8 | AQ31: 789.07784 | AR31: 0.036778844 | AS31: 2.0144048 | AT31: 4.2255214 | AU31: 0.024909422 | AV31: 2.0849235
B32: B9 | C32: 9 | D32: =VLOOKUP(B32,Rangex,5,FALSE()) -> 887.49408 | E32: =VLOOKUP($B32,ub_uncertainty,2,FALSE()) -> 0.055815985 | F32: =VLOOKUP($B32,ub_uncertainty,3,FALSE()) -> 2.1027967 | G32: =VLOOKUP(B32,Rangex,7,FALSE()) -> 4.5095331 | H32: =VLOOKUP($B32,ub_uncertainty,4,FALSE()) -> 0.019521989 | I32: =VLOOKUP($B32,ub_uncertainty,5,FALSE()) -> 2.1612512 | K32: 9 | L32: 887.4889 | M32: 0.053296749 | N32: 2.0758469 | O32: 4.5008786 | P32: 0.019457139 | Q32: 2.1615004 | Z32: 9 | AA32: 887.4889 | AB32: 0.053296749 | AC32: 2.0758469 | AD32: 4.5008786 | AE32: 0.019457139 | AF32: 2.1615004 | AH32: 9 | AI32: 887.363 | AJ32: 0.041 | AK32: 2 | AL32: 4.515 | AM32: 0.027 | AN32: 2.1 | AP32: 9 | AQ32: 887.3028 | AR32: 0.041046636 | AS32: 2.0152308 | AT32: 4.5463784 | AU32: 0.026798687 | AV32: 2.0848126
B33: B10 | C33: 10 | D33: =VLOOKUP(B33,Rangex,5,FALSE()) -> 984.95064 | E33: =VLOOKUP($B33,ub_uncertainty,2,FALSE()) -> 0.061804451 | F33: =VLOOKUP($B33,ub_uncertainty,3,FALSE()) -> 2.1044975 | G33: =VLOOKUP(B33,Rangex,7,FALSE()) -> 4.8162648 | H33: =VLOOKUP($B33,ub_uncertainty,4,FALSE()) -> 0.02084997 | I33: =VLOOKUP($B33,ub_uncertainty,5,FALSE()) -> 2.1612428 | K33: 10 | L33: 984.94202 | M33: 0.059123218 | N33: 2.076118 | O33: 4.8071564 | P33: 0.020781179 | Q33: 2.1614997 | Z33: 10 | AA33: 984.94202 | AB33: 0.059123218 | AC33: 2.076118 | AD33: 4.8071564 | AE33: 0.020781179 | AF33: 2.1614997 | AH33: 10 | AI33: 984.794 | AJ33: 0.045 | AK33: 2 | AL33: 4.823 | AM33: 0.029 | AN33: 2.1 | AP33: 10 | AQ33: 984.77975 | AR33: 0.045246445 | AS33: 2.0161105 | AT33: 4.8225633 | AU33: 0.0285084 | AV33: 2.0854956

Sheet Rpts_screenshots

Sheet Results
A1: Date | B1: 41921
A2: Client | B2: Babcock (NZ) Limited
A3: Job number | B3: 96040221
A4: Report Number | B4: S21952
A5: For | B5: 1592Hz
A7: Results Using Universal Bridge
A9: Dial | B9: Label | C9: Range | D9: a | E9: b | F9: Inductance | H9: Resistance | J9: Frequency (kHz) | K9: Temperature | L9: Corrected T
L10: -0.03 | M10: corrrection for GMH51
A11: A | B11: A0 | C11: 3Z | D11: -1 | E11: -10 | F11: =(alpha-VLOOKUP(Range,zeros,2,FALSE()))*(1+VLOOKUP(Range,corrections,2,FALSE())*0.000001)*VLOOKUP(Range,multiplier,2,FALSE()) -> 0 | G11: =VLOOKUP(Range,multiplier,3,FALSE()) -> milliH | H11: =(beta-VLOOKUP(Range,zeros,3,FALSE()))*(1+VLOOKUP(Range,corrections,3,FALSE())*0.000001)*VLOOKUP(Range,multiplier,5,FALSE()) -> 0 | I11: =VLOOKUP(Range,multiplier,6,FALSE()) -> ohm | J11: 1.59212 | K11: 19.43
A12: A | B12: A1 | C12: 3Z | D12: 99399 | E12: =569109-10 -> 569099 | F12: =(alpha-VLOOKUP(Range,zeros,2,FALSE()))*(1+VLOOKUP(Range,corrections,2,FALSE())*0.000001)*VLOOKUP(Range,multiplier,2,FALSE()) -> 0.9941995 | G12: =VLOOKUP(Range,multiplier,3,FALSE()) -> milliH | H12: =(beta-VLOOKUP(Range,zeros,3,FALSE()))*(1+VLOOKUP(Range,corrections,3,FALSE())*0.000001)*VLOOKUP(Range,multiplier,5,FALSE()) -> 5.6914915 | I12: =VLOOKUP(Range,multiplier,6,FALSE()) -> ohm | J12: 1.59222 | K12: 19.44 | L12: =K12+L$10 -> 19.41
A13: A | B13: A2 | C13: 3Z | D13: 198037 | E13: 838177 | F13: =(alpha-VLOOKUP(Range,zeros,2,FALSE()))*(1+VLOOKUP(Range,corrections,2,FALSE())*0.000001)*VLOOKUP(Range,multiplier,2,FALSE()) -> 1.9807775 | G13: =VLOOKUP(Range,multiplier,3,FALSE()) -> milliH | H13: =(beta-VLOOKUP(Range,zeros,3,FALSE()))*(1+VLOOKUP(Range,corrections,3,FALSE())*0.000001)*VLOOKUP(Range,multiplier,5,FALSE()) -> 8.3824613 | I13: =VLOOKUP(Range,multiplier,6,FALSE()) -> ohm | J13: 1.59231 | K13: 19.42 | L13: =K13+L$10 -> 19.39
A14: A | B14: A3 | C14: 3Z | D14: 296910 | E14: 1066102 | F14: =(alpha-VLOOKUP(Range,zeros,2,FALSE()))*(1+VLOOKUP(Range,corrections,2,FALSE())*0.000001)*VLOOKUP(Range,multiplier,2,FALSE()) -> 2.9697059 | G14: =VLOOKUP(Range,multiplier,3,FALSE()) -> milliH | H14: =(beta-VLOOKUP(Range,zeros,3,FALSE()))*(1+VLOOKUP(Range,corrections,3,FALSE())*0.000001)*VLOOKUP(Range,multiplier,5,FALSE()) -> 10.661872 | I14: =VLOOKUP(Range,multiplier,6,FALSE()) -> ohm | J14: 1.59241 | K14: 19.46 | L14: =K14+L$10 -> 19.43
A15: A | B15: A4 | C15: 3Z | D15: 394862 | E15: 1264597 | F15: =(alpha-VLOOKUP(Range,zeros,2,FALSE()))*(1+VLOOKUP(Range,corrections,2,FALSE())*0.000001)*VLOOKUP(Range,multiplier,2,FALSE()) -> 3.9494225 | G15: =VLOOKUP(Range,multiplier,3,FALSE()) -> milliH | H15: =(beta-VLOOKUP(Range,zeros,3,FALSE()))*(1+VLOOKUP(Range,corrections,3,FALSE())*0.000001)*VLOOKUP(Range,multiplier,5,FALSE()) -> 12.646962 | I15: =VLOOKUP(Range,multiplier,6,FALSE()) -> ohm | J15: 1.59251 | K15: 19.51 | L15: =K15+L$10 -> 19.48
A16: A | B16: A5 | C16: 3Z | D16: 493235 | E16: 1441386 | F16: =(alpha-VLOOKUP(Range,zeros,2,FALSE()))*(1+VLOOKUP(Range,corrections,2,FALSE())*0.000001)*VLOOKUP(Range,multiplier,2,FALSE()) -> 4.9333499 | G16: =VLOOKUP(Range,multiplier,3,FALSE()) -> milliH | H16: =(beta-VLOOKUP(Range,zeros,3,FALSE()))*(1+VLOOKUP(Range,corrections,3,FALSE())*0.000001)*VLOOKUP(Range,multiplier,5,FALSE()) -> 14.414977 | I16: =VLOOKUP(Range,multiplier,6,FALSE()) -> ohm | J16: 1.5926 | K16: 19.52 | L16: =K16+L$10 -> 19.49
A17: A | B17: A6 | C17: 3Z | D17: 591477 | E17: =1610922-1000 -> 1609922 | F17: =(alpha-VLOOKUP(Range,zeros,2,FALSE()))*(1+VLOOKUP(Range,corrections,2,FALSE())*0.000001)*VLOOKUP(Range,multiplier,2,FALSE()) -> 5.9159671 | G17: =VLOOKUP(Range,multiplier,3,FALSE()) -> milliH | H17: =(beta-VLOOKUP(Range,zeros,3,FALSE()))*(1+VLOOKUP(Range,corrections,3,FALSE())*0.000001)*VLOOKUP(Range,multiplier,5,FALSE()) -> 16.100456 | I17: =VLOOKUP(Range,multiplier,6,FALSE()) -> ohm | J17: 1.59268 | K17: 19.49 | L17: =K17+L$10 -> 19.46
A18: A | B18: A7 | C18: 3Z | D18: 689150 | E18: 1774172 | F18: =(alpha-VLOOKUP(Range,zeros,2,FALSE()))*(1+VLOOKUP(Range,corrections,2,FALSE())*0.000001)*VLOOKUP(Range,multiplier,2,FALSE()) -> 6.8928931 | G18: =VLOOKUP(Range,multiplier,3,FALSE()) -> milliH | H18: =(beta-VLOOKUP(Range,zeros,3,FALSE()))*(1+VLOOKUP(Range,corrections,3,FALSE())*0.000001)*VLOOKUP(Range,multiplier,5,FALSE()) -> 17.743072 | I18: =VLOOKUP(Range,multiplier,6,FALSE()) -> ohm | J18: 1.59275 | K18: 19.46 | L18: =K18+L$10 -> 19.43
A19: A | B19: A8 | C19: 3Z | D19: 786374 | E19: 1925612 | F19: =(alpha-VLOOKUP(Range,zeros,2,FALSE()))*(1+VLOOKUP(Range,corrections,2,FALSE())*0.000001)*VLOOKUP(Range,multiplier,2,FALSE()) -> 7.8653283 | G19: =VLOOKUP(Range,multiplier,3,FALSE()) -> milliH | H19: =(beta-VLOOKUP(Range,zeros,3,FALSE()))*(1+VLOOKUP(Range,corrections,3,FALSE())*0.000001)*VLOOKUP(Range,multiplier,5,FALSE()) -> 19.257578 | I19: =VLOOKUP(Range,multiplier,6,FALSE()) -> ohm | J19: 1.59285 | K19: 19.42 | L19: =K19+L$10 -> 19.39
A20: A | B20: A9 | C20: 3Z | D20: 883275 | E20: =2071150-1 -> 2071149 | F20: =(alpha-VLOOKUP(Range,zeros,2,FALSE()))*(1+VLOOKUP(Range,corrections,2,FALSE())*0.000001)*VLOOKUP(Range,multiplier,2,FALSE()) -> 8.8345327 | G20: =VLOOKUP(Range,multiplier,3,FALSE()) -> milliH | H20: =(beta-VLOOKUP(Range,zeros,3,FALSE()))*(1+VLOOKUP(Range,corrections,3,FALSE())*0.000001)*VLOOKUP(Range,multiplier,5,FALSE()) -> 20.713051 | I20: =VLOOKUP(Range,multiplier,6,FALSE()) -> ohm | J20: 1.59292 | K20: 19.41 | L20: =K20+L$10 -> 19.38
A21: A | B21: A10 | C21: 3Z | D21: 980309 | E21: 2218833 | F21: =(alpha-VLOOKUP(Range,zeros,2,FALSE()))*(1+VLOOKUP(Range,corrections,2,FALSE())*0.000001)*VLOOKUP(Range,multiplier,2,FALSE()) -> 9.8050675 | G21: =VLOOKUP(Range,multiplier,3,FALSE()) -> milliH | H21: =(beta-VLOOKUP(Range,zeros,3,FALSE()))*(1+VLOOKUP(Range,corrections,3,FALSE())*0.000001)*VLOOKUP(Range,multiplier,5,FALSE()) -> 22.189995 | I21: =VLOOKUP(Range,multiplier,6,FALSE()) -> ohm | J21: 1.59129 | K21: 19.44 | L21: =K21+L$10 -> 19.41
A22: B | B22: B1 | C22: 2Z | D22: 99137 | E22: 1166002 | F22: =(alpha-VLOOKUP(Range,zeros,2,FALSE()))*(1+VLOOKUP(Range,corrections,2,FALSE())*0.000001)*VLOOKUP(Range,multiplier,2,FALSE()) -> 99.158897 | G22: =VLOOKUP(Range,multiplier,3,FALSE()) -> microH | H22: =(beta-VLOOKUP(Range,zeros,3,FALSE()))*(1+VLOOKUP(Range,corrections,3,FALSE())*0.000001)*VLOOKUP(Range,multiplier,5,FALSE()) -> 1.1660993 | I22: =VLOOKUP(Range,multiplier,6,FALSE()) -> ohm | J22: 1.59173 | K22: 19.67 | L22: =K22+L$10 -> 19.64
A23: B | B23: B2 | C23: 2Z | D23: =199001-10 -> 198991 | E23: 1738805 | F23: =(alpha-VLOOKUP(Range,zeros,2,FALSE()))*(1+VLOOKUP(Range,corrections,2,FALSE())*0.000001)*VLOOKUP(Range,multiplier,2,FALSE()) -> 199.03294 | G23: =VLOOKUP(Range,multiplier,3,FALSE()) -> microH | H23: =(beta-VLOOKUP(Range,zeros,3,FALSE()))*(1+VLOOKUP(Range,corrections,3,FALSE())*0.000001)*VLOOKUP(Range,multiplier,5,FALSE()) -> 1.7389427 | I23: =VLOOKUP(Range,multiplier,6,FALSE()) -> ohm | J23: 1.59179 | K23: 19.65 | L23: =K23+L$10 -> 19.62
A24: B | B24: B3 | C24: 2Z | D24: 298239 | E24: 2205906 | F24: =(alpha-VLOOKUP(Range,zeros,2,FALSE()))*(1+VLOOKUP(Range,corrections,2,FALSE())*0.000001)*VLOOKUP(Range,multiplier,2,FALSE()) -> 298.30086 | G24: =VLOOKUP(Range,multiplier,3,FALSE()) -> microH | H24: =(beta-VLOOKUP(Range,zeros,3,FALSE()))*(1+VLOOKUP(Range,corrections,3,FALSE())*0.000001)*VLOOKUP(Range,multiplier,5,FALSE()) -> 2.2060766 | I24: =VLOOKUP(Range,multiplier,6,FALSE()) -> ohm | J24: 1.59184 | K24: 19.6 | L24: =K24+L$10 -> 19.57
A25: B | B25: B4 | C25: 2Z | D25: 396505 | E25: 2790983 | F25: =(alpha-VLOOKUP(Range,zeros,2,FALSE()))*(1+VLOOKUP(Range,corrections,2,FALSE())*0.000001)*VLOOKUP(Range,multiplier,2,FALSE()) -> 396.58658 | G25: =VLOOKUP(Range,multiplier,3,FALSE()) -> microH | H25: =(beta-VLOOKUP(Range,zeros,3,FALSE()))*(1+VLOOKUP(Range,corrections,3,FALSE())*0.000001)*VLOOKUP(Range,multiplier,5,FALSE()) -> 2.7911949 | I25: =VLOOKUP(Range,multiplier,6,FALSE()) -> ohm | J25: 1.59191 | K25: 19.56 | L25: =K25+L$10 -> 19.53
A26: B | B26: B5 | C26: 2Z | D26: 494440 | E26: 3174124 | F26: =(alpha-VLOOKUP(Range,zeros,2,FALSE()))*(1+VLOOKUP(Range,corrections,2,FALSE())*0.000001)*VLOOKUP(Range,multiplier,2,FALSE()) -> 494.54123 | G26: =VLOOKUP(Range,multiplier,3,FALSE()) -> microH | H26: =(beta-VLOOKUP(Range,zeros,3,FALSE()))*(1+VLOOKUP(Range,corrections,3,FALSE())*0.000001)*VLOOKUP(Range,multiplier,5,FALSE()) -> 3.1743629 | I26: =VLOOKUP(Range,multiplier,6,FALSE()) -> ohm | J26: 1.59199 | K26: 19.5 | L26: =K26+L$10 -> 19.47
A27: B | B27: B6 | C27: 2Z | D27: 593475 | E27: 3537225 | F27: =(alpha-VLOOKUP(Range,zeros,2,FALSE()))*(1+VLOOKUP(Range,corrections,2,FALSE())*0.000001)*VLOOKUP(Range,multiplier,2,FALSE()) -> 593.59611 | G27: =VLOOKUP(Range,multiplier,3,FALSE()) -> microH | H27: =(beta-VLOOKUP(Range,zeros,3,FALSE()))*(1+VLOOKUP(Range,corrections,3,FALSE())*0.000001)*VLOOKUP(Range,multiplier,5,FALSE()) -> 3.5374895 | I27: =VLOOKUP(Range,multiplier,6,FALSE()) -> ohm | J27: 1.59164 | K27: 19.66 | L27: =K27+L$10 -> 19.63
A28: B | B28: B7 | C28: 2Z | D28: 691294 | E28: =3890800-1000 -> 3889800 | F28: =(alpha-VLOOKUP(Range,zeros,2,FALSE()))*(1+VLOOKUP(Range,corrections,2,FALSE())*0.000001)*VLOOKUP(Range,multiplier,2,FALSE()) -> 691.43474 | G28: =VLOOKUP(Range,multiplier,3,FALSE()) -> microH | H28: =(beta-VLOOKUP(Range,zeros,3,FALSE()))*(1+VLOOKUP(Range,corrections,3,FALSE())*0.000001)*VLOOKUP(Range,multiplier,5,FALSE()) -> 3.8900894 | I28: =VLOOKUP(Range,multiplier,6,FALSE()) -> ohm | J28: 1.59221 | K28: 19.59 | L28: =K28+L$10 -> 19.56
A29: B | B29: B8 | C29: 2Z | D29: 789069 | E29: 4192210 | F29: =(alpha-VLOOKUP(Range,zeros,2,FALSE()))*(1+VLOOKUP(Range,corrections,2,FALSE())*0.000001)*VLOOKUP(Range,multiplier,2,FALSE()) -> 789.22937 | G29: =VLOOKUP(Range,multiplier,3,FALSE()) -> microH | H29: =(beta-VLOOKUP(Range,zeros,3,FALSE()))*(1+VLOOKUP(Range,corrections,3,FALSE())*0.000001)*VLOOKUP(Range,multiplier,5,FALSE()) -> 4.1925208 | I29: =VLOOKUP(Range,multiplier,6,FALSE()) -> ohm | J29: 1.59228 | K29: 19.58 | L29: =K29+L$10 -> 19.55
A30: B | B30: B9 | C30: 2Z | D30: 887314 | E30: 4509200 | F30: =(alpha-VLOOKUP(Range,zeros,2,FALSE()))*(1+VLOOKUP(Range,corrections,2,FALSE())*0.000001)*VLOOKUP(Range,multiplier,2,FALSE()) -> 887.49408 | G30: =VLOOKUP(Range,multiplier,3,FALSE()) -> microH | H30: =(beta-VLOOKUP(Range,zeros,3,FALSE()))*(1+VLOOKUP(Range,corrections,3,FALSE())*0.000001)*VLOOKUP(Range,multiplier,5,FALSE()) -> 4.5095331 | I30: =VLOOKUP(Range,multiplier,6,FALSE()) -> ohm | J30: 1.59234 | K30: 19.5 | L30: =K30+L$10 -> 19.47
A31: B | B31: B10 | C31: 2Z | D31: 984751 | E31: 4815910 | F31: =(alpha-VLOOKUP(Range,zeros,2,FALSE()))*(1+VLOOKUP(Range,corrections,2,FALSE())*0.000001)*VLOOKUP(Range,multiplier,2,FALSE()) -> 984.95064 | G31: =VLOOKUP(Range,multiplier,3,FALSE()) -> microH | H31: =(beta-VLOOKUP(Range,zeros,3,FALSE()))*(1+VLOOKUP(Range,corrections,3,FALSE())*0.000001)*VLOOKUP(Range,multiplier,5,FALSE()) -> 4.8162648 | I31: =VLOOKUP(Range,multiplier,6,FALSE()) -> ohm | J31: 1.59238 | K31: 19.42 | L31: =K31+L$10 -> 19.39
A32: B | B32: B0 | C32: 2Z | D32: =8-10 -> -2 | E32: =85-100 -> -15 | F32: =(alpha-VLOOKUP(Range,zeros,2,FALSE()))*(1+VLOOKUP(Range,corrections,2,FALSE())*0.000001)*VLOOKUP(Range,multiplier,2,FALSE()) -> 0 | G32: =VLOOKUP(Range,multiplier,3,FALSE()) -> microH | H32: =(beta-VLOOKUP(Range,zeros,3,FALSE()))*(1+VLOOKUP(Range,corrections,3,FALSE())*0.000001)*VLOOKUP(Range,multiplier,5,FALSE()) -> 0 | I32: =VLOOKUP(Range,multiplier,6,FALSE()) -> ohm | J32: 1.59167 | K32: 19.69 | L32: =K32+L$10 -> 19.66
A33: C | F33: =(alpha-VLOOKUP(Range,zeros,2,FALSE()))*(1+VLOOKUP(Range,corrections,2,FALSE())*0.000001)*VLOOKUP(Range,multiplier,2,FALSE()) -> #N/A | G33: =VLOOKUP(Range,multiplier,3,FALSE()) -> #N/A | H33: =(beta-VLOOKUP(Range,zeros,3,FALSE()))*(1+VLOOKUP(Range,corrections,3,FALSE())*0.000001)*VLOOKUP(Range,multiplier,5,FALSE()) -> #N/A | I33: =VLOOKUP(Range,multiplier,6,FALSE()) -> #N/A
A34: C | F34: =(alpha-VLOOKUP(Range,zeros,2,FALSE()))*(1+VLOOKUP(Range,corrections,2,FALSE())*0.000001)*VLOOKUP(Range,multiplier,2,FALSE()) -> #N/A | G34: =VLOOKUP(Range,multiplier,3,FALSE()) -> #N/A | H34: =(beta-VLOOKUP(Range,zeros,3,FALSE()))*(1+VLOOKUP(Range,corrections,3,FALSE())*0.000001)*VLOOKUP(Range,multiplier,5,FALSE()) -> #N/A | I34: =VLOOKUP(Range,multiplier,6,FALSE()) -> #N/A
A35: C | F35: =(alpha-VLOOKUP(Range,zeros,2,FALSE()))*(1+VLOOKUP(Range,corrections,2,FALSE())*0.000001)*VLOOKUP(Range,multiplier,2,FALSE()) -> #N/A | G35: =VLOOKUP(Range,multiplier,3,FALSE()) -> #N/A | H35: =(beta-VLOOKUP(Range,zeros,3,FALSE()))*(1+VLOOKUP(Range,corrections,3,FALSE())*0.000001)*VLOOKUP(Range,multiplier,5,FALSE()) -> #N/A | I35: =VLOOKUP(Range,multiplier,6,FALSE()) -> #N/A
A36: C | F36: =(alpha-VLOOKUP(Range,zeros,2,FALSE()))*(1+VLOOKUP(Range,corrections,2,FALSE())*0.000001)*VLOOKUP(Range,multiplier,2,FALSE()) -> #N/A | G36: =VLOOKUP(Range,multiplier,3,FALSE()) -> #N/A | H36: =(beta-VLOOKUP(Range,zeros,3,FALSE()))*(1+VLOOKUP(Range,corrections,3,FALSE())*0.000001)*VLOOKUP(Range,multiplier,5,FALSE()) -> #N/A | I36: =VLOOKUP(Range,multiplier,6,FALSE()) -> #N/A
A37: C | F37: =(alpha-VLOOKUP(Range,zeros,2,FALSE()))*(1+VLOOKUP(Range,corrections,2,FALSE())*0.000001)*VLOOKUP(Range,multiplier,2,FALSE()) -> #N/A | G37: =VLOOKUP(Range,multiplier,3,FALSE()) -> #N/A | H37: =(beta-VLOOKUP(Range,zeros,3,FALSE()))*(1+VLOOKUP(Range,corrections,3,FALSE())*0.000001)*VLOOKUP(Range,multiplier,5,FALSE()) -> #N/A | I37: =VLOOKUP(Range,multiplier,6,FALSE()) -> #N/A
A38: C | F38: =(alpha-VLOOKUP(Range,zeros,2,FALSE()))*(1+VLOOKUP(Range,corrections,2,FALSE())*0.000001)*VLOOKUP(Range,multiplier,2,FALSE()) -> #N/A | G38: =VLOOKUP(Range,multiplier,3,FALSE()) -> #N/A | H38: =(beta-VLOOKUP(Range,zeros,3,FALSE()))*(1+VLOOKUP(Range,corrections,3,FALSE())*0.000001)*VLOOKUP(Range,multiplier,5,FALSE()) -> #N/A | I38: =VLOOKUP(Range,multiplier,6,FALSE()) -> #N/A
A39: C | F39: =(alpha-VLOOKUP(Range,zeros,2,FALSE()))*(1+VLOOKUP(Range,corrections,2,FALSE())*0.000001)*VLOOKUP(Range,multiplier,2,FALSE()) -> #N/A | G39: =VLOOKUP(Range,multiplier,3,FALSE()) -> #N/A | H39: =(beta-VLOOKUP(Range,zeros,3,FALSE()))*(1+VLOOKUP(Range,corrections,3,FALSE())*0.000001)*VLOOKUP(Range,multiplier,5,FALSE()) -> #N/A | I39: =VLOOKUP(Range,multiplier,6,FALSE()) -> #N/A
A40: C | F40: =(alpha-VLOOKUP(Range,zeros,2,FALSE()))*(1+VLOOKUP(Range,corrections,2,FALSE())*0.000001)*VLOOKUP(Range,multiplier,2,FALSE()) -> #N/A | G40: =VLOOKUP(Range,multiplier,3,FALSE()) -> #N/A | H40: =(beta-VLOOKUP(Range,zeros,3,FALSE()))*(1+VLOOKUP(Range,corrections,3,FALSE())*0.000001)*VLOOKUP(Range,multiplier,5,FALSE()) -> #N/A | I40: =VLOOKUP(Range,multiplier,6,FALSE()) -> #N/A
A41: C | F41: =(alpha-VLOOKUP(Range,zeros,2,FALSE()))*(1+VLOOKUP(Range,corrections,2,FALSE())*0.000001)*VLOOKUP(Range,multiplier,2,FALSE()) -> #N/A | G41: =VLOOKUP(Range,multiplier,3,FALSE()) -> #N/A | H41: =(beta-VLOOKUP(Range,zeros,3,FALSE()))*(1+VLOOKUP(Range,corrections,3,FALSE())*0.000001)*VLOOKUP(Range,multiplier,5,FALSE()) -> #N/A | I41: =VLOOKUP(Range,multiplier,6,FALSE()) -> #N/A
A42: C | F42: =(alpha-VLOOKUP(Range,zeros,2,FALSE()))*(1+VLOOKUP(Range,corrections,2,FALSE())*0.000001)*VLOOKUP(Range,multiplier,2,FALSE()) -> #N/A | G42: =VLOOKUP(Range,multiplier,3,FALSE()) -> #N/A | H42: =(beta-VLOOKUP(Range,zeros,3,FALSE()))*(1+VLOOKUP(Range,corrections,3,FALSE())*0.000001)*VLOOKUP(Range,multiplier,5,FALSE()) -> #N/A | I42: =VLOOKUP(Range,multiplier,6,FALSE()) -> #N/A
A43: C | F43: =(alpha-VLOOKUP(Range,zeros,2,FALSE()))*(1+VLOOKUP(Range,corrections,2,FALSE())*0.000001)*VLOOKUP(Range,multiplier,2,FALSE()) -> #N/A | G43: =VLOOKUP(Range,multiplier,3,FALSE()) -> #N/A | H43: =(beta-VLOOKUP(Range,zeros,3,FALSE()))*(1+VLOOKUP(Range,corrections,3,FALSE())*0.000001)*VLOOKUP(Range,multiplier,5,FALSE()) -> #N/A | I43: =VLOOKUP(Range,multiplier,6,FALSE()) -> #N/A
A44: D | F44: =(alpha-VLOOKUP(Range,zeros,2,FALSE()))*(1+VLOOKUP(Range,corrections,2,FALSE())*0.000001)*VLOOKUP(Range,multiplier,2,FALSE()) -> #N/A | G44: =VLOOKUP(Range,multiplier,3,FALSE()) -> #N/A | H44: =(beta-VLOOKUP(Range,zeros,3,FALSE()))*(1+VLOOKUP(Range,corrections,3,FALSE())*0.000001)*VLOOKUP(Range,multiplier,5,FALSE()) -> #N/A | I44: =VLOOKUP(Range,multiplier,6,FALSE()) -> #N/A
... A54: D | F54: =(alpha-VLOOKUP(Range,zeros,2,FALSE()))*(1+VLOOKUP(Range,corrections,2,FALSE())*0.000001)*VLOOKUP(Range,multiplier,2,FALSE()) -> #N/A | G54: =VLOOKUP(Range,multiplier,3,FALSE()) -> #N/A | H54: =(beta-VLOOKUP(Range,zeros,3,FALSE()))*(1+VLOOKUP(Range,corrections,3,FALSE())*0.000001)*VLOOKUP(Range,multiplier,5,FALSE()) -> #N/A | I54: =VLOOKUP(Range,multiplier,6,FALSE()) -> #N/A
F55: =(alpha-VLOOKUP(Range,zeros,2,FALSE()))*(1+VLOOKUP(Range,corrections,2,FALSE())*0.000001)*VLOOKUP(Range,multiplier,2,FALSE()) -> #N/A | G55: =VLOOKUP(Range,multiplier,3,FALSE()) -> #N/A | H55: =(beta-VLOOKUP(Range,zeros,3,FALSE()))*(1+VLOOKUP(Range,corrections,3,FALSE())*0.000001)*VLOOKUP(Range,multiplier,5,FALSE()) -> #N/A | I55: =VLOOKUP(Range,multiplier,6,FALSE()) -> #N/A
A56: E | F56: =(alpha-VLOOKUP(Range,zeros,2,FALSE()))*(1+VLOOKUP(Range,corrections,2,FALSE())*0.000001)*VLOOKUP(Range,multiplier,2,FALSE()) -> #N/A | G56: =VLOOKUP(Range,multiplier,3,FALSE()) -> #N/A | H56: =(beta-VLOOKUP(Range,zeros,3,FALSE()))*(1+VLOOKUP(Range,corrections,3,FALSE())*0.000001)*VLOOKUP(Range,multiplier,5,FALSE()) -> #N/A | I56: =VLOOKUP(Range,multiplier,6,FALSE()) -> #N/A
A57: E | F57: =(alpha-VLOOKUP(Range,zeros,2,FALSE()))*(1+VLOOKUP(Range,corrections,2,FALSE())*0.000001)*VLOOKUP(Range,multiplier,2,FALSE()) -> #N/A | G57: =VLOOKUP(Range,multiplier,3,FALSE()) -> #N/A | H57: =(beta-VLOOKUP(Range,zeros,3,FALSE()))*(1+VLOOKUP(Range,corrections,3,FALSE())*0.000001)*VLOOKUP(Range,multiplier,5,FALSE()) -> #N/A | I57: =VLOOKUP(Range,multiplier,6,FALSE()) -> #N/A
A58: E | F58: =(alpha-VLOOKUP(Range,zeros,2,FALSE()))*(1+VLOOKUP(Range,corrections,2,FALSE())*0.000001)*VLOOKUP(Range,multiplier,2,FALSE()) -> #N/A | G58: =VLOOKUP(Range,multiplier,3,FALSE()) -> #N/A | H58: =(beta-VLOOKUP(Range,zeros,3,FALSE()))*(1+VLOOKUP(Range,corrections,3,FALSE())*0.000001)*VLOOKUP(Range,multiplier,5,FALSE()) -> #N/A | I58: =VLOOKUP(Range,multiplier,6,FALSE()) -> #N/A
A59: E | F59: =(alpha-VLOOKUP(Range,zeros,2,FALSE()))*(1+VLOOKUP(Range,corrections,2,FALSE())*0.000001)*VLOOKUP(Range,multiplier,2,FALSE()) -> #N/A | G59: =VLOOKUP(Range,multiplier,3,FALSE()) -> #N/A | H59: =(beta-VLOOKUP(Range,zeros,3,FALSE()))*(1+VLOOKUP(Range,corrections,3,FALSE())*0.000001)*VLOOKUP(Range,multiplier,5,FALSE()) -> #N/A | I59: =VLOOKUP(Range,multiplier,6,FALSE()) -> #N/A
A60: E | F60: =(alpha-VLOOKUP(Range,zeros,2,FALSE()))*(1+VLOOKUP(Range,corrections,2,FALSE())*0.000001)*VLOOKUP(Range,multiplier,2,FALSE()) -> #N/A | G60: =VLOOKUP(Range,multiplier,3,FALSE()) -> #N/A | H60: =(beta-VLOOKUP(Range,zeros,3,FALSE()))*(1+VLOOKUP(Range,corrections,3,FALSE())*0.000001)*VLOOKUP(Range,multiplier,5,FALSE()) -> #N/A | I60: =VLOOKUP(Range,multiplier,6,FALSE()) -> #N/A
A61: E | F61: =(alpha-VLOOKUP(Range,zeros,2,FALSE()))*(1+VLOOKUP(Range,corrections,2,FALSE())*0.000001)*VLOOKUP(Range,multiplier,2,FALSE()) -> #N/A | G61: =VLOOKUP(Range,multiplier,3,FALSE()) -> #N/A | H61: =(beta-VLOOKUP(Range,zeros,3,FALSE()))*(1+VLOOKUP(Range,corrections,3,FALSE())*0.000001)*VLOOKUP(Range,multiplier,5,FALSE()) -> #N/A | I61: =VLOOKUP(Range,multiplier,6,FALSE()) -> #N/A
A62: E | F62: =(alpha-VLOOKUP(Range,zeros,2,FALSE()))*(1+VLOOKUP(Range,corrections,2,FALSE())*0.000001)*VLOOKUP(Range,multiplier,2,FALSE()) -> #N/A | G62: =VLOOKUP(Range,multiplier,3,FALSE()) -> #N/A | H62: =(beta-VLOOKUP(Range,zeros,3,FALSE()))*(1+VLOOKUP(Range,corrections,3,FALSE())*0.000001)*VLOOKUP(Range,multiplier,5,FALSE()) -> #N/A | I62: =VLOOKUP(Range,multiplier,6,FALSE()) -> #N/A
A63: E | F63: =(alpha-VLOOKUP(Range,zeros,2,FALSE()))*(1+VLOOKUP(Range,corrections,2,FALSE())*0.000001)*VLOOKUP(Range,multiplier,2,FALSE()) -> #N/A | G63: =VLOOKUP(Range,multiplier,3,FALSE()) -> #N/A | H63: =(beta-VLOOKUP(Range,zeros,3,FALSE()))*(1+VLOOKUP(Range,corrections,3,FALSE())*0.000001)*VLOOKUP(Range,multiplier,5,FALSE()) -> #N/A | I63: =VLOOKUP(Range,multiplier,6,FALSE()) -> #N/A
A64: E | F64: =(alpha-VLOOKUP(Range,zeros,2,FALSE()))*(1+VLOOKUP(Range,corrections,2,FALSE())*0.000001)*VLOOKUP(Range,multiplier,2,FALSE()) -> #N/A | G64: =VLOOKUP(Range,multiplier,3,FALSE()) -> #N/A | H64: =(beta-VLOOKUP(Range,zeros,3,FALSE()))*(1+VLOOKUP(Range,corrections,3,FALSE())*0.000001)*VLOOKUP(Range,multiplier,5,FALSE()) -> #N/A | I64: =VLOOKUP(Range,multiplier,6,FALSE()) -> #N/A
A65: E | F65: =(alpha-VLOOKUP(Range,zeros,2,FALSE()))*(1+VLOOKUP(Range,corrections,2,FALSE())*0.000001)*VLOOKUP(Range,multiplier,2,FALSE()) -> #N/A | G65: =VLOOKUP(Range,multiplier,3,FALSE()) -> #N/A | H65: =(beta-VLOOKUP(Range,zeros,3,FALSE()))*(1+VLOOKUP(Range,corrections,3,FALSE())*0.000001)*VLOOKUP(Range,multiplier,5,FALSE()) -> #N/A | I65: =VLOOKUP(Range,multiplier,6,FALSE()) -> #N/A
A66: E | F66: =(alpha-VLOOKUP(Range,zeros,2,FALSE()))*(1+VLOOKUP(Range,corrections,2,FALSE())*0.000001)*VLOOKUP(Range,multiplier,2,FALSE()) -> #N/A | G66: =VLOOKUP(Range,multiplier,3,FALSE()) -> #N/A | H66: =(beta-VLOOKUP(Range,zeros,3,FALSE()))*(1+VLOOKUP(Range,corrections,3,FALSE())*0.000001)*VLOOKUP(Range,multiplier,5,FALSE()) -> #N/A | I66: =VLOOKUP(Range,multiplier,6,FALSE()) -> #N/A
A67: F | F67: =(alpha-VLOOKUP(Range,zeros,2,FALSE()))*(1+VLOOKUP(Range,corrections,2,FALSE())*0.000001)*VLOOKUP(Range,multiplier,2,FALSE()) -> #N/A | G67: =VLOOKUP(Range,multiplier,3,FALSE()) -> #N/A | H67: =(beta-VLOOKUP(Range,zeros,3,FALSE()))*(1+VLOOKUP(Range,corrections,3,FALSE())*0.000001)*VLOOKUP(Range,multiplier,5,FALSE()) -> #N/A | I67: =VLOOKUP(Range,multiplier,6,FALSE()) -> #N/A
... A88: G | F88: =(alpha-VLOOKUP(Range,zeros,2,FALSE()))*(1+VLOOKUP(Range,corrections,2,FALSE())*0.000001)*VLOOKUP(Range,multiplier,2,FALSE()) -> #N/A | G88: =VLOOKUP(Range,multiplier,3,FALSE()) -> #N/A | H88: =(beta-VLOOKUP(Range,zeros,3,FALSE()))*(1+VLOOKUP(Range,corrections,3,FALSE())*0.000001)*VLOOKUP(Range,multiplier,5,FALSE()) -> #N/A | I88: =VLOOKUP(Range,multiplier,6,FALSE()) -> #N/A
A95: HP4284 check | G95: zero corrected | H95: L | I95: R | J95: UB/HP (scale factor)
A97: 700 | B97: 695.657 | C97: 3.88757 | D97: =AVERAGE(B97:B103) -> 695.65229 | E97: =AVERAGE(C97:C103) -> 3.8876686 | G97: 700 | H97: =D97-D120 -> 693.71736 | I97: =E97-E120 -> 3.8690286 | J97: =F28/H97 -> 0.99670958 | K97: =H28/I97 -> 1.0054434
B98: 695.657 | C98: 3.88759 | D98: =STDEV(B97:B103) -> 0.0044986771 | E98: =STDEV(C97:C103) -> 6.6939916e-05 | G98: 600 | H98: =D105-D120 -> 595.66474 | I98: =E105-E120 -> 3.5172433 | J98: =F27/H98 -> 0.99652719 | K98: =H27/I98 -> 1.0057563
B99: 695.656 | C99: 3.88769 | G99: 500 | H99: =D112-D120 -> 496.29279 | I99: =E112-E120 -> 3.1619729 | J99: =F26/H99 -> 0.99647072 | K99: =H26/I99 -> 1.0039185
B100: 695.648 | C100: 3.88771
B101: 695.65 | C101: 3.88769 | H101: average of 500 and 700 | J101: =AVERAGE(J97,J99) -> 0.99659015 | K101: =AVERAGE(K97,K99) -> 1.004681
B102: 695.652 | C102: 3.88767 | H102: % difference at 600 | J102: =(J98/J101-1)*100 -> -0.0063180158 | K102: =(K98/K101-1)*100 -> 0.10703085
B103: 695.646 | C103: 3.88776
H104: Conclude 600 result is good to at least 0.01% for L
A105: 600 | B105: 597.6 | C105: 3.53586 | D105: =AVERAGE(B105:B110) -> 597.59967 | E105: =AVERAGE(C105:C110) -> 3.5358833
B106: 597.596 | C106: 3.53586 | D106: =STDEV(B105:B110) -> 0.0029439203 | E106: =STDEV(C105:C110) -> 2.2509257e-05 | H106: Reported U | I106: =Report!E13/Report!D13*100 -> 0.0061784318 | J106: %
B107: 597.599 | C107: 3.53588
B108: 597.599 | C108: 3.53592 | H108: Conclude that HP4284 is not inconsistent with UB
B109: 597.605 | C109: 3.53589
B110: 597.599 | C110: 3.53589
A112: 500 | B112: 498.219 | C112: 3.18089 | D112: =AVERAGE(B112:B118) -> 498.22771 | E112: =AVERAGE(C112:C118) -> 3.1806129
B113: 498.227 | C113: 3.18083 | D113: =STDEV(B112:B118) -> 0.0043861253 | E113: =STDEV(C112:C118) -> 0.00018154102
B114: 498.226 | C114: 3.18063
B115: 498.231 | C115: 3.18055
B116: 498.23 | C116: 3.1805
B117: 498.229 | C117: 3.18043
B118: 498.232 | C118: 3.18046
A120: short | B120: 1.95384 | C120: 0.01795 | D120: =AVERAGE(B120:B127) -> 1.9349225 | E120: =AVERAGE(C120:C127) -> 0.01864
B121: 1.95285 | C121: 0.018 | D121: =STDEV(B120:B127) -> 0.015132451 | E121: =STDEV(C120:C127) -> 0.00054327052
B122: 1.94762 | C122: 0.01818
B123: 1.93844 | C123: 0.01852
B124: 1.92129 | C124: 0.01919
B125: 1.91783 | C125: 0.01917
B126: 1.92039 | C126: 0.01917
B127: 1.92712 | C127: 0.01894

Sheet AH2700A results
A3: from 'FinalDecadeCapacitor.xlsx' for S20885
A5: Start with internal cal.
A6: AH2700 will be calibrated 'on the day' against known reference capacitors.
A7: Use these results to have a correction factor adequate for this calibration.
H8: subtract zero | N8: Value from capacitance scale, out.csv | R8: measured | T8: NMIA
B9: Reference | C9: C | D9: sdC | E9: G | F9: sdG | H9: C | I9: sdC | J9: G | K9: sdG | N9: C | O9: mean | P9: stdev | R9: tan delta | T9: G | U9: tan delta
C10: pF | D10: pF | E10: nS | F10: nS | H10: pF | I10: pF | J10: nS | K10: nS | N10: pF | O10: -2.4829556 | P10: 0.13805362 | V10: correction
B11: zero | C11: -1.32e-07 | D11: 1.36e-07 | E11: 2.72e-05 | F11: 1.93e-06 | H11: 0 | I11: 1.9233304e-07 | J11: 0 | K11: 2.7294322e-06 | O11: ppm correction | R11: mrad | T11: nS | U11: mrad | V11: mrad
B12: AH111A | C12: 9.9999745 | D12: 1.8e-07 | E12: -0.00012269 | F12: 2.05e-06 | H12: 9.9999746 | I12: 2.2560142e-07 | J12: -0.00014989 | K12: 2.8155639e-06 | N12: 9.9999499 | O12: -2.4644123 | R12: -0.0014989038 | T12: 0.0001799991 | U12: 0.0018 | V12: 0.0032989038
B13: AH111B | C13: 9.9999767 | D13: 2.65e-07 | E13: -6.61e-05 | F13: 2.22e-06 | H13: 9.9999769 | I13: 2.9786071e-07 | J13: -9.33e-05 | K13: 2.9416492e-06 | N13: 9.9999526 | O13: -2.4315115 | R13: -0.00093300216 | T13: 0.00023999886 | U13: 0.0024 | V13: 0.0033330022
B14: AH111C | C14: 99.999817 | D14: 1.69e-07 | E14: 0.0016369 | F14: 1.58e-06 | H14: 99.999817 | I14: 2.1692625e-07 | J14: 0.0016097 | K14: 2.4942534e-06 | N14: 99.999581 | O14: -2.3617299 | R14: 0.0016097029 | T14: 0.001899992 | U14: 0.0019 | V14: 0.00029029706
B15: AH111D | C15: 99.999806 | D15: 2.38e-07 | E15: 0.00208095 | F15: 2.11e-06 | H15: 99.999806 | I15: 2.7411676e-07 | J15: 0.00205375 | K15: 2.8595454e-06 | N15: 99.999568 | O15: -2.3869303 | R15: 0.002053754 | T15: 0.0022999901 | U15: 0.0023 | V15: 0.00024624603
B16: GR1000A | C16: 1000.0317 | D16: 6.4e-06 | E16: 0.1793565 | F16: 5.45e-05 | H16: 1000.0317 | I16: 6.4014448e-06 | J16: 0.1793293 | K16: 5.4534163e-05 | N16: 1000.0289 | O16: -2.7430527 | R16: 0.017932362
B17: GR1000B | C17: 1000.0164 | D17: 5.92e-06 | E17: 0.184447 | F17: 5.79e-05 | H17: 1000.0164 | I17: 5.921562e-06 | J17: 0.1844198 | K17: 5.7932158e-05 | N17: 1000.0139 | O17: -2.510097 | R17: 0.018441677
A18: 44116 | B18: UB1000 | C18: 1000.1471 | D18: 5.89e-06 | E18: 0.141999 | F18: 9.76e-05 | H18: 1000.1471 | I18: 5.8915699e-06 | J18: 0.1419718 | K18: 9.7619081e-05 | N18: 1000.1444 | O18: -2.6265748 | R18: 0.014195092
A19: 44120 | B19: UB1000 | C19: 1000.1471 | D19: 1.43527e-05 | E19: 0.108247 | F19: 0.00015559884 | H19: 1000.1471 | I19: 1.4353344e-05 | J19: 0.1082198 | K19: 0.00015561081 | N19: 1000.1444 | O19: -2.6265748 | R19: 0.010820389
A20: 44123 | B20: UB1000 | C20: 1000.1393 | D20: 7.4833148e-06 | E20: 0.1042505 | F20: 4.8628695e-05 | H20: 1000.1393 | I20: 7.4845505e-06 | J20: 0.1042233 | K20: 4.866698e-05 | N20: 1000.1367 | O20: -2.6265748 | R20: 0.010420878
A21: 44124 | B21: UB1000 | C21: 1000.1439 | D21: 7.4161985e-06 | E21: 0.138816 | F21: 5.3702886e-05 | H21: 1000.1439 | I21: 7.4174454e-06 | J21: 0.1387888 | K21: 5.3737556e-05 | N21: 1000.1413 | O21: -2.6265748 | R21: 0.013876883
A22: 44127 | B22: UB1000 | C22: 1000.1511 | D22: 3e-06 | E22: 0.1082385 | F22: 5.0326434e-05 | H22: 1000.1511 | I22: 3.0030811e-06 | J22: 0.1082113 | K22: 5.0363428e-05 | N22: 1000.1485 | O22: -2.6265748 | R22: 0.010819495
A23: 44127 | B23: UB1000 | C23: 1000.1506 | D23: 5.3851648e-06 | E23: 0.1094955 | F23: 4.8936183e-05 | H23: 1000.1506 | I23: 5.3868818e-06 | J23: 0.1094683 | K23: 4.8974227e-05 | N23: 1000.148 | O23: -2.6265748 | R23: 0.010945182
P24: stdev
P25: ppm
A26: Average | B26: UB1000 | C26: 1000.1465 | D26: 0.0044078656 | E26: 0.11850775 | F26: 0.017085047 | H26: 1000.1465 | I26: 0.0044078656 | J26: 0.11848055 | K26: 0.017085047 | N26: 1000.1439 | O26: -2.6265748 | P26: 4.4072314 | R26: 0.011846319
A28: Readings from p.51 of UBIII
F29: from cap scale
A30: 44146 | C30: C | D30: G | F30: C | G30: Correction
C31: pF | D31: nS | F31: pF
B32: UB1000 | C32: 1000.1593 | D32: 0.13362 | F32: =C32+G32 -> 1000.1567 | G32: =AVERAGE(G33:G34) -> -0.0026205
B33: GR1000A | C33: 1000.0317 | D33: 0.17503 | F33: =N16 -> 1000.0289 | G33: =F33-C33 -> -0.002776
B34: GR1000B | C34: 1000.0164 | D34: 0.17621 | F34: =N17 -> 1000.0139 | G34: =F34-C34 -> -0.002465

Sheet Room data logger
A3: Primary Lab
A5: 41921.583 | B5: 20.41 | C5: 42.67
A6: 41921.587 | B6: 20.41 | C6: 42.38
A7: 41921.59 | B7: 20.45 | C7: 42.55
A8: 41921.594 | B8: 20.51 | C8: 42.72
A9: 41921.597 | B9: 20.57 | C9: 42.77
A10: 41921.601 | B10: 20.52 | C10: 42.87
A11: 41921.604 | B11: 20.53 | C11: 42.67
A12: 41921.608 | B12: 20.46 | C12: 42.42
A13: 41921.611 | B13: 20.41 | C13: 42.55
A14: 41921.615 | B14: 20.41 | C14: 42.28
A15: 41921.618 | B15: 20.4 | C15: 42.47
A16: 41921.622 | B16: 20.44 | C16: 42.3
... A53: 41921.75 | B53: 20.49 | C53: 43.43
A55: average | B55: =AVERAGE(B5:B53) -> 20.461224 | C55: =AVERAGE(C5:C53) -> 43.073469
A56: sd | B56: =STDEV(B5:B53) -> 0.057685666 | C56: =STDEV(C5:C53) -> 0.4317578

Sheet Universal Bridge
A1: New UB calibrations need to be entered in Data block and accessed through the Date | E1: This table is the usual form for calculating spreadsheet corrections | L1: Date | M1: C1 | N1: R4A | O1: R4B | P1: R4C | Q1: G1 | R1: G2 | S1: c | T1: d
E2: Component | F2: Value | G2: Date | K2: 1.6 kHz | L2: 31092 | M2: =IMREAL(COMPLEX(32,0)) -> 32 | N2: =IMREAL(COMPLEX(30.1,3.9)) -> 30.1 | O2: =IMREAL(COMPLEX(-12,-5.9)) -> -12 | P2: =IMREAL(COMPLEX(53,0)) -> 53 | Q2: =IMREAL(COMPLEX(13,-0.4)) -> 13 | R2: =IMREAL(COMPLEX(8.7,1.8)) -> 8.7 | S2: <10 | T2: <10 | U2: except for range 4, up to 44? | Y2: =M2-M$3 -> -91.32 | Z2: =N2-N$2 -> 0 | AA2: =O2-O$2 -> 0 | AB2: =P2-P$2 -> 0 | AC2: =Q2-Q$2 -> 0 | AD2: =R2-R$2 -> 0
F3: (ppm) | G3: 41827 | K3: DC for resistors | L3: 32477 | M3: 123.32 | N3: 35 | O3: -12 | P3: =NA() -> #N/A | Q3: 9 | R3: 4 | S3: 0 | T3: 0 | Y3: =M3-M$3 -> 0 | Z3: =N3-N$2 -> 4.9 | AA3: =O3-O$2 -> 0 | AB3: =P3-P$2 -> #N/A | AC3: =Q3-Q$2 -> -4 | AD3: =R3-R$2 -> -4.7 | AE3: =S3-S$3 -> 0
A4: Date | B4: Record | C4: Comments | E4: C_1 | F4: =IMREAL(VLOOKUP($G$3,Data,2,FALSE())) -> 143.1 | G4: =VLOOKUP($G$3,Record,2,FALSE()) -> UBIII | K4: DC for resistors | L4: 33309 | M4: 133 | N4: 37 | O4: -14 | P4: 61 | Q4: 10 | R4: 6 | S4: 0 | T4: 0 | Y4: =M4-M$3 -> 9.68 | Z4: =N4-N$2 -> 6.9 | AA4: =O4-O$2 -> -2 | AB4: =P4-P$2 -> 8 | AC4: =Q4-Q$2 -> -3 | AD4: =R4-R$2 -> -2.7 | AE4: =S4-S$3 -> 0
A5: 29728 | B5: PEL Meas V | C5: Check Y&Z ranges 6 & 4 @ 400 Hz | E5: R_4A | F5: =IMREAL(VLOOKUP($G$3,Data,3,FALSE())) -> 54.126077 | G5: =VLOOKUP($G$3,Record,2,FALSE()) -> UBIII | K5: DC for resistors | L5: 34933 | M5: 127.406 | N5: 40.34 | O5: -17.21 | P5: 52 | Q5: 11.21 | R5: 6.21 | S5: 0 | T5: 0 | Y5: =M5-M$3 -> 4.086 | Z5: =N5-N$2 -> 10.24 | AA5: =O5-O$2 -> -5.21 | AB5: =P5-P$2 -> -1 | AC5: =Q5-Q$2 -> -1.79 | AD5: =R5-R$2 -> -2.49 | AE5: =S5-S$3 -> 0
A6: 30665 | B6: Universal Bridge II | C6: Full calibration of standards and of all dial ratios and performance checks. | E6: R_4B | F6: =IMREAL(VLOOKUP($G$3,Data,4,FALSE())) -> -9.8547183 | G6: =VLOOKUP($G$3,Record,2,FALSE()) -> UBIII | K6: DC for resistors | L6: 36102 | M6: 135.27 | N6: 43.374149 | O6: -16.352318 | P6: 67.003866 | Q6: 11.184372 | R6: 6.6891117 | S6: 0 | T6: 0 | Y6: =M6-M$3 -> 11.95 | Z6: =N6-N$2 -> 13.274149 | AA6: =O6-O$2 -> -4.3523183 | AB6: =P6-P$2 -> 14.003866 | AC6: =Q6-Q$2 -> -1.8156283 | AD6: =R6-R$2 -> -2.0108883 | AE6: =S6-S$3 -> 0
A7: 30722 | C7: completion of above | E7: R_4C | F7: =IMREAL(VLOOKUP($G$3,Data,5,FALSE())) -> 67.193277 | G7: =VLOOKUP($G$3,Record,2,FALSE()) -> UBIII | K7: DC for resistors | L7: 37142 | M7: 124.15653 | N7: 46.005999 | O7: -17.319751 | P7: 64.090992 | Q7: 12.022751 | R7: 7.4762508 | S7: 0 | T7: 0 | Y7: =M7-M$3 -> 0.83653401 | Z7: =N7-N$2 -> 15.905999 | AA7: =O7-O$2 -> -5.3197508 | AB7: =P7-P$2 -> 11.090992 | AC7: =Q7-Q$2 -> -0.97724917 | AD7: =R7-R$2 -> -1.2237492 | AE7: =S7-S$3 -> 0
A8: 32477 | B8: UB II | C8: component values measured | E8: G_1 | F8: =IMREAL(VLOOKUP($G$3,Data,6,FALSE())) -> 12.948503 | G8: =VLOOKUP($G$3,Record,2,FALSE()) -> UBIII | K8: DC for resistors | L8: 38008 | M8: 131.71485 | N8: 47.52 | O8: -16.236 | P8: 63.74 | Q8: 12.616 | R8: 7.596 | S8: 0 | T8: 0 | Y8: =M8-M$3 -> 8.3948497 | Z8: =N8-N$2 -> 17.42 | AA8: =O8-O$2 -> -4.236 | AB8: =P8-P$2 -> 10.74 | AC8: =Q8-Q$2 -> -0.384 | AD8: =R8-R$2 -> -1.104 | AE8: =S8-S$3 -> 0
A9: 33309 | B9: UB II | C9: component values measured | E9: G_2 | F9: =IMREAL(VLOOKUP($G$3,Data,7,FALSE())) -> 7.4960583 | G9: =VLOOKUP($G$3,Record,2,FALSE()) -> UBIII | K9: DC for resistors | L9: 38035 | M9: 123.9 | N9: 47.52 | O9: -16.236 | P9: 63.74 | Q9: 12.616 | R9: 7.596 | S9: 5.2 | T9: 0 | Y9: =M9-M$3 -> 0.58 | Z9: =N9-N$2 -> 17.42 | AA9: =O9-O$2 -> -4.236 | AB9: =P9-P$2 -> 10.74 | AC9: =Q9-Q$2 -> -0.384 | AD9: =R9-R$2 -> -1.104 | AE9: =S9-S$3 -> 5.2
A10: 33374 | B10: UB II | C10: problem with '6' dial, repaired! | K10: DC for resistors | L10: 38401 | M10: 129.44935 | N10: 46.54 | O10: -16.96 | P10: 61.5 | Q10: 13.84 | R10: 9 | S10: 5.7 | T10: 0 | Y10: =M10-M$3 -> 6.1293497 | Z10: =N10-N$2 -> 16.44 | AA10: =O10-O$2 -> -4.96 | AB10: =P10-P$2 -> 8.5 | AC10: =Q10-Q$2 -> 0.84 | AD10: =R10-R$2 -> 0.3 | AE10: =S10-S$3 -> 5.7
A11: 33407 | B11: AI III | C11: problem with 0.01 mF on range 5Y, lack of DC path for current pump, AVOID | E11: Z3=(R4/G2)(aG1+ßjwC1)(1+c+jd) | H11: assume negligible c,d | K11: DC for resistors | L11: 40038 | M11: 130.29869 | N11: 50.874703 | O11: -14.104297 | P11: 64.524703 | Q11: 12.507297 | R11: 7.4752965 | S11: 2 | T11: 0 | Y11: =M11-M$3 -> 6.978694 | Z11: =N11-N$2 -> 20.774703 | AA11: =O11-O$2 -> -2.1042965 | AB11: =P11-P$2 -> 11.524703 | AC11: =Q11-Q$2 -> -0.49270349 | AD11: =R11-R$2 -> -1.2247035 | AE11: =S11-S$3 -> 2
A12: 34933 | B12: UB II | C12: bridge calibration | E12: where Z3=R+jwC | F12: correction_c | G12: =IMREAL(VLOOKUP($G$3,Data,8,FALSE())) -> 10.97 | K12: DC for resistors | L12: 41827 | M12: 143.1 | N12: 54.126077 | O12: -9.8547183 | P12: 67.193277 | Q12: 12.948503 | R12: 7.4960583 | S12: 10.97 | T12: 0 | Y12: =M12-M$3 -> 19.78 | Z12: =N12-N$2 -> 24.026077 | AA12: =O12-O$2 -> 2.1452817 | AB12: =P12-P$2 -> 14.193277 | AC12: =Q12-Q$2 -> -0.051496694 | AD12: =R12-R$2 -> -1.2039417 | AE12: =S12-S$3 -> 10.97
A13: 36102 | B13: UB II | C13: bridge calibration, using HP3458 as transfer instrument | E13: Y4=(G3/G2)(aG1+ßjwC1)(1+c+jd) | H13: (G3=1/R4*)
A14: 37142 | B14: UBII | C14: bridge calibration, using HP3458 as transfer instrument: Range 5Y problem fixed | E14: where Y4=G+jwC
A15: 38008 | B15: UBII | C15: bridge calibration, using HP3458 as transfer instrument: Range 5Y problem REALLY fixed
A16: 38035 | B16: UBII | C16: remeasure capacitor, same dc resistance values as for 22/01/04 | E16: R4A is used for ranges 5 to 1 inclusive
A17: 38401 | B17: UBII | C17: bridge calibration, following MSLT.E.023.004. Uncertainties have increased. | E17: R4B is used on range 6 only
A18: 40038 | B18: UBIII | C18: bridge calibration, following MSLT.E.023.004/5. Uncertainties have increased slightly from 2005. | E18: R4C is used on range 7 only | V18: AH2700A | W18: ppm | X18: mrad
A19: 41827 | B19: UBIII | C19: bridge calibration, following MSLT.E.023.006. Uncertainties unchanged from 2009. | N19: Zeros | O19: Range | P19: a | Q19: b | V19: R_4C | W19: =(1/0.000000999985/1000000-1)*1000000 -> 15.000225 | X19: =10000*0.0000000000000096/0.000001*1000 -> 0.096
O20: 2Z | P20: =Results!D32 -> -2 | Q20: =Results!E32 -> -15
O21: 3Z | P21: =Results!D11 -> -1 | Q21: =Results!E11 -> -10
F24: Range | G24: a correction | H24: b correction
G25: (ppm) | H25: (ppm)
F26: 1Z | G26: =R_4A-G_2+C_1+correction_c -> 200.70002 | H26: =R_4A-G_2+G_1+correction_c -> 70.548522
F27: 2Z | G27: =R_4A-G_2+C_1+correction_c -> 200.70002 | H27: =R_4A-G_2+G_1+correction_c -> 70.548522
F28: 3Z | G28: =R_4A-G_2+C_1+correction_c -> 200.70002 | H28: =R_4A-G_2+G_1+correction_c -> 70.548522
F29: 4Z | G29: =R_4A-G_2+C_1+correction_c -> 200.70002 | H29: =R_4A-G_2+G_1+correction_c -> 70.548522
F30: 5Z | G30: =R_4A-G_2+C_1+correction_c -> 200.70002 | H30: =R_4A-G_2+G_1+correction_c -> 70.548522
F31: 6Z | G31: =R_4B-G_2+C_1+correction_c -> 136.71922 | H31: =R_4B-G_2+G_1+correction_c -> 6.5677267
F32: 7Z | G32: =R_4C-G_2+C_1+correction_c -> 213.76722 | H32: =R_4C-G_2+G_1+correction_c -> 83.615722
F33: 1Y | G33: =-R_4A-G_2+C_1-correction_c -> 70.507865 | H33: =-R_4A-G_2+G_1-correction_c -> -59.643632
F34: 2Y | G34: =-R_4A-G_2+C_1-correction_c -> 70.507865 | H34: =-R_4A-G_2+G_1-correction_c -> -59.643632
F35: 3Y | G35: =-R_4A-G_2+C_1-correction_c -> 70.507865 | H35: =-R_4A-G_2+G_1-correction_c -> -59.643632
F36: 4Y | G36: =-R_4A-G_2+C_1-correction_c -> 70.507865 | H36: =-R_4A-G_2+G_1-correction_c -> -59.643632
F37: 5Y | G37: =-R_4A-G_2+C_1-correction_c -> 70.507865 | H37: =-R_4A-G_2+G_1-correction_c -> -59.643632
F38: 6Y | G38: =-R_4B-G_2+C_1-correction_c -> 134.48866 | H38: =-R_4B-G_2+G_1-correction_c -> 4.3371633
F39: 7Y | G39: =-R_4C-G_2+C_1-correction_c -> 57.440665 | H39: =-R_4C-G_2+G_1-correction_c -> -72.710832
U40: Symbol font versions | W40: Plain version
G41: Multiplier (C&L) | H41: Unit Name | I41: Unit Multiplier | J41: Multiplier (G&R) | K41: Unit Name | L41: Unit Multiplier | M41: CMC n for L | N41: CMC m for R | U41: Unit Name | V41: Unit Name | W41: Unit Name | X41: Unit Name
F42: 1Z | G42: 0.0001 | H42: microH | I42: 1e-06 | J42: 0.0001 | K42: milliohm | L42: 0.001 | M42: 0.2 | N42: 0.002 | U42: mH | V42: mW | W42: microH | X42: milliohm
F43: 2Z | G43: 0.001 | H43: microH | I43: 1e-06 | J43: 1e-06 | K43: ohm | L43: 1 | M43: 2 | N43: 0.02 | U43: mH | V43: W | W43: microH | X43: ohm
F44: 3Z | G44: 1e-05 | H44: milliH | I44: 0.001 | J44: 1e-05 | K44: ohm | L44: 1 | M44: 20 | N44: 0.2 | U44: mH | V44: W | W44: milliH | X44: ohm
F45: 4Z | G45: 0.0001 | H45: milliH | I45: 0.001 | J45: 0.0001 | K45: ohm | L45: 1 | M45: 200 | N45: 2 | U45: mH | V45: ohm | W45: milliH | X45: ohm
F46: 5Z | G46: 0.001 | H46: milliH | I46: 0.001 | J46: 0.001 | K46: ohm | L46: 1 | M46: 2000 | N46: 20 | U46: mH | V46: ohm | W46: milliH | X46: ohm
F47: 6Z | G47: 1e-05 | H47: H | I47: 1 | J47: 1e-05 | K47: kilohm | L47: 1000 | M47: 20000 | N47: 200 | U47: H | V47: kW | W47: H | X47: kilohm
F48: 7Z | G48: 0.0001 | H48: H | I48: 1 | J48: 0.0001 | K48: kilohm | L48: 1000 | M48: 200000 | N48: 2000 | U48: H | V48: kW | W48: H | X48: kilohm
F49: 1Y | G49: 0.0001 | H49: microF | I49: 1e-06 | J49: 0.0001 | K49: milliS | L49: 0.001 | U49: mF | V49: mS | W49: microF | X49: milliS
F50: 2Y | G50: 1e-05 | H50: microF | I50: 1e-06 | J50: 1e-05 | K50: milliS | L50: 0.001 | U50: mF | V50: mS | W50: microF | X50: milliS
F51: 3Y | G51: 1e-06 | H51: microF | I51: 1e-06 | J51: 1e-06 | K51: milliS | L51: 0.001 | U51: mF | V51: mS | W51: microF | X51: milliS
F52: 4Y | G52: 0.0001 | H52: nF | I52: 1e-09 | J52: 0.0001 | K52: microS | L52: 1e-06 | U52: nF | V52: mS | W52: nF | X52: microS
F53: 5Y | G53: 1e-05 | H53: nF | I53: 1e-09 | J53: 1e-05 | K53: microS | L53: 1e-06 | U53: nF | V53: mS | W53: nF | X53: microS
F54: 6Y | G54: 0.001 | H54: pF | I54: 1e-12 | J54: 0.001 | K54: nS | L54: 1e-09 | U54: pF | V54: nS | W54: pF | X54: nS
F55: 7Y | G55: 0.0001 | H55: pF | I55: 1e-12 | J55: 0.0001 | K55: nS | L55: 1e-09 | U55: pF | V55: nS | W55: pF | X55: nS

Sheet Uncertainty
A1: UNCERTAINTY | F1: Information for calculating expanded uncertainties | S1: Parameters could be dependent on component | AB1: This is a data table with B9 as the column input cell. | AQ1: CMC
A2: GEUM uncertainty calculation template | F2: k-factor from degrees of freedom | AB2: This must be re-calculated with new data sets. | AQ2: L uncert = Q[0.000014L , 0.001R, n/f ] | AS2: R uncert = Q[0.000014R,0.0000001L , m/f ]
A3: The component label is the key variable for the table | F3: a | G3: 1.96 | L3: Model for uncertainty calculation. | S3: Label | T3: R alpha | U3: u_R alpha | V3: L/C alpha | W3: u_L/C alpha | AB3: Label | AC3: L/C uncertainty | AD3: k | AE3: R/G uncertainty | AF3: k | AH3: Range | AI3: L/C | AJ3: mult | AK3: n | AL3: R/G | AM3: mult | AN3: m | AO3: f | AQ3: L in microH, R in ohm | AR3: CMC/U | AS3: L in microH, R in ohm | AT3: CMC/U
F4: b | G4: 2.372 | L4: Base on formula for Universal bridge....ie assign an uncertainty to each term. | T4: 0.4%/degree | AC4: =F80 -> 7.0354849e-05 | AD4: =F78 -> 2.0689921 | AE4: =F66 -> 0.024639447 | AF4: =F64 -> 2.1611894 | AQ4: microH | AS4: ohm
A5: The 95% level of confidence expanded uncertainties are calculated using the Welch-Satterthwaite | F5: c | G5: 1.2737 | S5: A1 | T5: 0.004 | U5: =0.05*T5 -> 0.0002 | V5: 2e-05 | W5: =0.05*V5 -> 1e-06 | AB5: A1 | AC5: 7.0354849e-05 | AD5: 2.0689921 | AE5: 0.024639447 | AF5: 2.1611894 | AH5: =VLOOKUP(AB5, Results,2,FALSE()) -> 3Z | AI5: =VLOOKUP(AB5,Results,5,FALSE()) -> 0.9941995 | AJ5: =VLOOKUP(AH5,multiplier,4,FALSE()) -> 0.001 | AK5: =VLOOKUP(AH5,multiplier,8,FALSE()) -> 20 | AL5: =VLOOKUP(AB5,Results,7,FALSE()) -> 5.6914915 | AM5: =VLOOKUP(AH5,multiplier,7,FALSE()) -> 1 | AN5: =VLOOKUP(AH5,multiplier,9,FALSE()) -> 0.2 | AO5: =VLOOKUP(AB5,Results,9,FALSE())*1000 -> 1592.22 | AQ5: =SQRT((0.000014*AI5*AJ5*1000000)^2+(0.001*AL5*AM5)^2+(AK5/AO5)^2) -> 0.019593534 | AR5: =AQ5*0.000001/(AC5*AJ5) -> 0.27849585 | AS5: =SQRT((0.000014*AL5)^2+(0.0000001*AI5*AJ5*1000000)^2+(AN5/AO5)^2) -> 0.00017891741 | AT5: =AS5/AE5 -> 0.0072614212
A6: formula to combine standard uncertainties. The individual degrees of freedom are derived either | F6: d | G6: 7.0962 | S6: A2 | T6: 0.004 | U6: =0.05*T6 -> 0.0002 | V6: 2e-05 | W6: =0.05*V6 -> 1e-06 | AB6: A2 | AC6: 0.00012681451 | AD6: 2.0918646 | AE6: 0.036289918 | AF6: 2.1611657 | AH6: =VLOOKUP(AB6, Results,2,FALSE()) -> 3Z | AI6: =VLOOKUP(AB6,Results,5,FALSE()) -> 1.9807775 | AJ6: =VLOOKUP(AH6,multiplier,4,FALSE()) -> 0.001 | AK6: =VLOOKUP(AH6,multiplier,8,FALSE()) -> 20 | AL6: =VLOOKUP(AB6,Results,7,FALSE()) -> 8.3824613 | AM6: =VLOOKUP(AH6,multiplier,7,FALSE()) -> 1 | AN6: =VLOOKUP(AH6,multiplier,9,FALSE()) -> 0.2 | AO6: =VLOOKUP(AB6,Results,9,FALSE())*1000 -> 1592.31 | AQ6: =SQRT((0.000014*AI6*AJ6*1000000)^2+(0.001*AL6*AM6)^2+(AK6/AO6)^2) -> 0.031575789 | AR6: =AQ6*0.000001/(AC6*AJ6) -> 0.24899193 | AS6: =SQRT((0.000014*AL6)^2+(0.0000001*AI6*AJ6*1000000)^2+(AN6/AO6)^2) -> 0.00026226541 | AT6: =AS6/AE6 -> 0.0072269498
A7: from the number of measurements used to derive the uncertainty or an estimate | S7: A3 | T7: 0.004 | U7: =0.05*T7 -> 0.0002 | V7: 2e-05 | W7: =0.05*V7 -> 1e-06 | AB7: A3 | AC7: 0.00018621611 | AD7: 2.1049841 | AE7: 0.04615965 | AF7: 2.1611208 | AH7: =VLOOKUP(AB7, Results,2,FALSE()) -> 3Z | AI7: =VLOOKUP(AB7,Results,5,FALSE()) -> 2.9697059 | AJ7: =VLOOKUP(AH7,multiplier,4,FALSE()) -> 0.001 | AK7: =VLOOKUP(AH7,multiplier,8,FALSE()) -> 20 | AL7: =VLOOKUP(AB7,Results,7,FALSE()) -> 10.661872 | AM7: =VLOOKUP(AH7,multiplier,7,FALSE()) -> 1 | AN7: =VLOOKUP(AH7,multiplier,9,FALSE()) -> 0.2 | AO7: =VLOOKUP(AB7,Results,9,FALSE())*1000 -> 1592.41 | AQ7: =SQRT((0.000014*AI7*AJ7*1000000)^2+(0.001*AL7*AM7)^2+(AK7/AO7)^2) -> 0.044721053 | AR7: =AQ7*0.000001/(AC7*AJ7) -> 0.24015673 | AS7: =SQRT((0.000014*AL7)^2+(0.0000001*AI7*AJ7*1000000)^2+(AN7/AO7)^2) -> 0.00035531146 | AT7: =AS7/AE7 -> 0.007697447
A8: of the percentage uncertainty in the uncertainty. | S8: A4 | T8: 0.004 | U8: =0.05*T8 -> 0.0002 | V8: 2e-05 | W8: =0.05*V8 -> 1e-06 | AB8: A4 | AC8: 0.00024566312 | AD8: 2.1113631 | AE8: 0.054755825 | AF8: 2.1610729 | AH8: =VLOOKUP(AB8, Results,2,FALSE()) -> 3Z | AI8: =VLOOKUP(AB8,Results,5,FALSE()) -> 3.9494225 | AJ8: =VLOOKUP(AH8,multiplier,4,FALSE()) -> 0.001 | AK8: =VLOOKUP(AH8,multiplier,8,FALSE()) -> 20 | AL8: =VLOOKUP(AB8,Results,7,FALSE()) -> 12.646962 | AM8: =VLOOKUP(AH8,multiplier,7,FALSE()) -> 1 | AN8: =VLOOKUP(AH8,multiplier,9,FALSE()) -> 0.2 | AO8: =VLOOKUP(AB8,Results,9,FALSE())*1000 -> 1592.51 | AQ8: =SQRT((0.000014*AI8*AJ8*1000000)^2+(0.001*AL8*AM8)^2+(AK8/AO8)^2) -> 0.058093586 | AR8: =AQ8*0.000001/(AC8*AJ8) -> 0.23647663 | AS8: =SQRT((0.000014*AL8)^2+(0.0000001*AI8*AJ8*1000000)^2+(AN8/AO8)^2) -> 0.00045066734 | AT8: =AS8/AE8 -> 0.0082304913
A9: Component label | B9: A1 | S9: A5 | T9: 0.004 | U9: =0.05*T9 -> 0.0002 | V9: 2e-05 | W9: =0.05*V9 -> 1e-06 | AB9: A5 | AC9: 0.00030556722 | AD9: 2.1150498 | AE9: 0.062412783 | AF9: 2.1610229 | AH9: =VLOOKUP(AB9, Results,2,FALSE()) -> 3Z | AI9: =VLOOKUP(AB9,Results,5,FALSE()) -> 4.9333499 | AJ9: =VLOOKUP(AH9,multiplier,4,FALSE()) -> 0.001 | AK9: =VLOOKUP(AH9,multiplier,8,FALSE()) -> 20 | AL9: =VLOOKUP(AB9,Results,7,FALSE()) -> 14.414977 | AM9: =VLOOKUP(AH9,multiplier,7,FALSE()) -> 1 | AN9: =VLOOKUP(AH9,multiplier,9,FALSE()) -> 0.2 | AO9: =VLOOKUP(AB9,Results,9,FALSE())*1000 -> 1592.6 | AQ9: =SQRT((0.000014*AI9*AJ9*1000000)^2+(0.001*AL9*AM9)^2+(AK9/AO9)^2) -> 0.071664032 | AR9: =AQ9*0.000001/(AC9*AJ9) -> 0.23452788 | AS9: =SQRT((0.000014*AL9)^2+(0.0000001*AI9*AJ9*1000000)^2+(AN9/AO9)^2) -> 0.00054761035 | AT9: =AS9/AE9 -> 0.0087740095
A10: Universal bridge reactance uncertainty | F10: k=a+b/v+c/v^2+d/v^3 | S10: A6 | T10: 0.004 | U10: =0.05*T10 -> 0.0002 | V10: 2e-05 | W10: =0.05*V10 -> 1e-06 | AB10: A6 | AC10: 0.00036551399 | AD10: 2.1173334 | AE10: 0.069712738 | AF10: 2.1609762 | AH10: =VLOOKUP(AB10, Results,2,FALSE()) -> 3Z | AI10: =VLOOKUP(AB10,Results,5,FALSE()) -> 5.9159671 | AJ10: =VLOOKUP(AH10,multiplier,4,FALSE()) -> 0.001 | AK10: =VLOOKUP(AH10,multiplier,8,FALSE()) -> 20 | AL10: =VLOOKUP(AB10,Results,7,FALSE()) -> 16.100456 | AM10: =VLOOKUP(AH10,multiplier,7,FALSE()) -> 1 | AN10: =VLOOKUP(AH10,multiplier,9,FALSE()) -> 0.2 | AO10: =VLOOKUP(AB10,Results,9,FALSE())*1000 -> 1592.68 | AQ10: =SQRT((0.000014*AI10*AJ10*1000000)^2+(0.001*AL10*AM10)^2+(AK10/AO10)^2) -> 0.0853033 | AR10: =AQ10*0.000001/(AC10*AJ10) -> 0.23337902 | AS10: =SQRT((0.000014*AL10)^2+(0.0000001*AI10*AJ10*1000000)^2+(AN10/AO10)^2) -> 0.00064541743 | AT10: =AS10/AE10 -> 0.0092582424
B11: Standard | C11: for | D11: =VLOOKUP(label,Results,3,FALSE()) -> 99399 | E11: L/C dial setting | S11: A7 | T11: 0.004 | U11: =0.05*T11 -> 0.0002 | V11: 2e-05 | W11: =0.05*V11 -> 1e-06 | AB11: A7 | AC11: 0.00042518958 | AD11: 2.1188414 | AE11: 0.076827317 | AF11: 2.1609343 | AH11: =VLOOKUP(AB11, Results,2,FALSE()) -> 3Z | AI11: =VLOOKUP(AB11,Results,5,FALSE()) -> 6.8928931 | AJ11: =VLOOKUP(AH11,multiplier,4,FALSE()) -> 0.001 | AK11: =VLOOKUP(AH11,multiplier,8,FALSE()) -> 20 | AL11: =VLOOKUP(AB11,Results,7,FALSE()) -> 17.743072 | AM11: =VLOOKUP(AH11,multiplier,7,FALSE()) -> 1 | AN11: =VLOOKUP(AH11,multiplier,9,FALSE()) -> 0.2 | AO11: =VLOOKUP(AB11,Results,9,FALSE())*1000 -> 1592.75 | AQ11: =SQRT((0.000014*AI11*AJ11*1000000)^2+(0.001*AL11*AM11)^2+(AK11/AO11)^2) -> 0.098918348 | AR11: =AQ11*0.000001/(AC11*AJ11) -> 0.23264528 | AS11: =SQRT((0.000014*AL11)^2+(0.0000001*AI11*AJ11*1000000)^2+(AN11/AO11)^2) -> 0.0007433649 | AT11: =AS11/AE11 -> 0.0096757889
A12: Source of uncertainty | B12: Uncertainties | E12: Degrees of | S12: A8 | T12: 0.004 | U12: =0.05*T12 -> 0.0002 | V12: 2e-05 | W12: =0.05*V12 -> 1e-06 | AB12: A8 | AC12: 0.00048460715 | AD12: 2.1199614 | AE12: 0.08338761 | AF12: 2.1608919 | AH12: =VLOOKUP(AB12, Results,2,FALSE()) -> 3Z | AI12: =VLOOKUP(AB12,Results,5,FALSE()) -> 7.8653283 | AJ12: =VLOOKUP(AH12,multiplier,4,FALSE()) -> 0.001 | AK12: =VLOOKUP(AH12,multiplier,8,FALSE()) -> 20 | AL12: =VLOOKUP(AB12,Results,7,FALSE()) -> 19.257578 | AM12: =VLOOKUP(AH12,multiplier,7,FALSE()) -> 1 | AN12: =VLOOKUP(AH12,multiplier,9,FALSE()) -> 0.2 | AO12: =VLOOKUP(AB12,Results,9,FALSE())*1000 -> 1592.85 | AQ12: =SQRT((0.000014*AI12*AJ12*1000000)^2+(0.001*AL12*AM12)^2+(AK12/AO12)^2) -> 0.11248882 | AR12: =AQ12*0.000001/(AC12*AJ12) -> 0.23212373 | AS12: =SQRT((0.000014*AL12)^2+(0.0000001*AI12*AJ12*1000000)^2+(AN12/AO12)^2) -> 0.00084088461 | AT12: =AS12/AE12 -> 0.010084047
B13: u (counts) | C13: Variances | D13: % Accuracy | E13: Freedom, v | F13: u^4/v | K13: Latest comment | S13: A9 | T13: 0.004 | U13: =0.05*T13 -> 0.0002 | V13: 2e-05 | W13: =0.05*V13 -> 1e-06 | AB13: A9 | AC13: 0.00054384988 | AD13: 2.1208049 | AE13: 0.089692541 | AF13: 2.1608513 | AH13: =VLOOKUP(AB13, Results,2,FALSE()) -> 3Z | AI13: =VLOOKUP(AB13,Results,5,FALSE()) -> 8.8345327 | AJ13: =VLOOKUP(AH13,multiplier,4,FALSE()) -> 0.001 | AK13: =VLOOKUP(AH13,multiplier,8,FALSE()) -> 20 | AL13: =VLOOKUP(AB13,Results,7,FALSE()) -> 20.713051 | AM13: =VLOOKUP(AH13,multiplier,7,FALSE()) -> 1 | AN13: =VLOOKUP(AH13,multiplier,9,FALSE()) -> 0.2 | AO13: =VLOOKUP(AB13,Results,9,FALSE())*1000 -> 1592.92 | AQ13: =SQRT((0.000014*AI13*AJ13*1000000)^2+(0.001*AL13*AM13)^2+(AK13/AO13)^2) -> 0.12603281 | AR13: =AQ13*0.000001/(AC13*AJ13) -> 0.23174192 | AS13: =SQRT((0.000014*AL13)^2+(0.0000001*AI13*AJ13*1000000)^2+(AN13/AO13)^2) -> 0.00093826642 | AT13: =AS13/AE13 -> 0.010460919
A14: ac/dc error of standards | B14: =2.5*0.000001*D11 -> 0.2484975 | C14: =B14^2 -> 0.061751008 | D14: 30 | E14: =0.5*(1/(0.01*D14)^2) -> 5.5555556 | F14: =B14^4/E14 -> 0.00068637365 | G14: 5ppm considered two sigma limit, essentially relying on dc values of resistors | S14: A10 | T14: 0.004 | U14: =0.05*T14 -> 0.0002 | V14: 2e-05 | W14: =0.05*V14 -> 1e-06 | AB14: A10 | AC14: 0.00060320872 | AD14: 2.1214333 | AE14: 0.096090494 | AF14: 2.1608155 | AH14: =VLOOKUP(AB14, Results,2,FALSE()) -> 3Z | AI14: =VLOOKUP(AB14,Results,5,FALSE()) -> 9.8050675 | AJ14: =VLOOKUP(AH14,multiplier,4,FALSE()) -> 0.001 | AK14: =VLOOKUP(AH14,multiplier,8,FALSE()) -> 20 | AL14: =VLOOKUP(AB14,Results,7,FALSE()) -> 22.189995 | AM14: =VLOOKUP(AH14,multiplier,7,FALSE()) -> 1 | AN14: =VLOOKUP(AH14,multiplier,9,FALSE()) -> 0.2 | AO14: =VLOOKUP(AB14,Results,9,FALSE())*1000 -> 1591.29 | AQ14: =SQRT((0.000014*AI14*AJ14*1000000)^2+(0.001*AL14*AM14)^2+(AK14/AO14)^2) -> 0.13961975 | AR14: =AQ14*0.000001/(AC14*AJ14) -> 0.23146175 | AS14: =SQRT((0.000014*AL14)^2+(0.0000001*AI14*AJ14*1000000)^2+(AN14/AO14)^2) -> 0.0010361948 | AT14: =AS14/AE14 -> 0.01078353
A15: dial linearity | B15: 1 | C15: =B15^2 -> 1 | D15: 30 | E15: =0.5*(1/(0.01*D15)^2) -> 5.5555556 | F15: =B15^4/E15 -> 0.18 | G15: 1 ppm of full scale | S15: B1 | T15: 0.004 | U15: =0.05*T15 -> 0.0002 | V15: 2e-05 | W15: =0.05*V15 -> 1e-06 | AB15: B1 | AC15: 0.0076874384 | AD15: 2.0420207 | AE15: 0.0050478154 | AF15: 2.1613191 | AH15: =VLOOKUP(AB15, Results,2,FALSE()) -> 2Z | AI15: =VLOOKUP(AB15,Results,5,FALSE()) -> 99.158897 | AJ15: =VLOOKUP(AH15,multiplier,4,FALSE()) -> 1e-06 | AK15: =VLOOKUP(AH15,multiplier,8,FALSE()) -> 2 | AL15: =VLOOKUP(AB15,Results,7,FALSE()) -> 1.1660993 | AM15: =VLOOKUP(AH15,multiplier,7,FALSE()) -> 1 | AN15: =VLOOKUP(AH15,multiplier,9,FALSE()) -> 0.02 | AO15: =VLOOKUP(AB15,Results,9,FALSE())*1000 -> 1591.73 | AQ15: =SQRT((0.000014*AI15*AJ15*1000000)^2+(0.001*AL15*AM15)^2+(AK15/AO15)^2) -> 0.0022058407 | AR15: =AQ15*0.000001/(AC15*AJ15) -> 0.28694093 | AS15: =SQRT((0.000014*AL15)^2+(0.0000001*AI15*AJ15*1000000)^2+(AN15/AO15)^2) -> 2.2863094e-05 | AT15: =AS15/AE15 -> 0.0045293047
A16: amplifier/ratio | B16: =17*0.000001*D11 -> 1.689783 | C16: =B16^2 -> 2.8553666 | D16: 30 | E16: =0.5*(1/(0.01*D16)^2) -> 5.5555556 | F16: =B16^4/E16 -> 1.4675613 | G16: based on scatter of results in 1984, increased in 2004 and 2005 | K16: Previous value was 7 ppm, now increased to 17 ppm to acount for errors on RHS of bridge. | S16: B2 | T16: 0.004 | U16: =0.05*T16 -> 0.0002 | V16: 2e-05 | W16: =0.05*V16 -> 1e-06 | AB16: B2 | AC16: 0.013528902 | AD16: 2.0629861 | AE16: 0.0075276 | AF16: 2.1613142 | AH16: =VLOOKUP(AB16, Results,2,FALSE()) -> 2Z | AI16: =VLOOKUP(AB16,Results,5,FALSE()) -> 199.03294 | AJ16: =VLOOKUP(AH16,multiplier,4,FALSE()) -> 1e-06 | AK16: =VLOOKUP(AH16,multiplier,8,FALSE()) -> 2 | AL16: =VLOOKUP(AB16,Results,7,FALSE()) -> 1.7389427 | AM16: =VLOOKUP(AH16,multiplier,7,FALSE()) -> 1 | AN16: =VLOOKUP(AH16,multiplier,9,FALSE()) -> 0.02 | AO16: =VLOOKUP(AB16,Results,9,FALSE())*1000 -> 1591.79 | AQ16: =SQRT((0.000014*AI16*AJ16*1000000)^2+(0.001*AL16*AM16)^2+(AK16/AO16)^2) -> 0.003516667 | AR16: =AQ16*0.000001/(AC16*AJ16) -> 0.25993736 | AS16: =SQRT((0.000014*AL16)^2+(0.0000001*AI16*AJ16*1000000)^2+(AN16/AO16)^2) -> 3.3862895e-05 | AT16: =AS16/AE16 -> 0.0044984983
A17: temperature coefficient of resistors | B17: =2*0.000001*D11 -> 0.198798 | C17: =B17^2 -> 0.039520645 | D17: 50 | E17: =0.5*(1/(0.01*D17)^2) -> 2 | F17: =B17^4/E17 -> 0.00078094068 | G17: depends on matching of Vishay components | S17: B3 | T17: 0.004 | U17: =0.05*T17 -> 0.0002 | V17: 2e-05 | W17: =0.05*V17 -> 1e-06 | AB17: B3 | AC17: 0.019544764 | AD17: 2.0780439 | AE17: 0.0095498358 | AF17: 2.1613034 | AH17: =VLOOKUP(AB17, Results,2,FALSE()) -> 2Z | AI17: =VLOOKUP(AB17,Results,5,FALSE()) -> 298.30086 | AJ17: =VLOOKUP(AH17,multiplier,4,FALSE()) -> 1e-06 | AK17: =VLOOKUP(AH17,multiplier,8,FALSE()) -> 2 | AL17: =VLOOKUP(AB17,Results,7,FALSE()) -> 2.2060766 | AM17: =VLOOKUP(AH17,multiplier,7,FALSE()) -> 1 | AN17: =VLOOKUP(AH17,multiplier,9,FALSE()) -> 0.02 | AO17: =VLOOKUP(AB17,Results,9,FALSE())*1000 -> 1591.84 | AQ17: =SQRT((0.000014*AI17*AJ17*1000000)^2+(0.001*AL17*AM17)^2+(AK17/AO17)^2) -> 0.0048873388 | AR17: =AQ17*0.000001/(AC17*AJ17) -> 0.25005873 | AS17: =SQRT((0.000014*AL17)^2+(0.0000001*AI17*AJ17*1000000)^2+(AN17/AO17)^2) -> 4.4738996e-05 | AT17: =AS17/AE17 -> 0.0046847921
A18: temperature coefficient of capacitor | B18: =2*0.5*0.000001*D11 -> 0.099399 | C18: =B18^2 -> 0.0098801612 | D18: 30 | E18: =0.5*(1/(0.01*D18)^2) -> 5.5555556 | F18: =B18^4/E18 -> 1.7571165e-05 | G18: 2 ppm per degree for capacitor | S18: B4 | T18: 0.004 | U18: =0.05*T18 -> 0.0002 | V18: 2e-05 | W18: =0.05*V18 -> 1e-06 | AB18: B4 | AC18: 0.025713882 | AD18: 2.0836041 | AE18: 0.012082785 | AF18: 2.1613002 | AH18: =VLOOKUP(AB18, Results,2,FALSE()) -> 2Z | AI18: =VLOOKUP(AB18,Results,5,FALSE()) -> 396.58658 | AJ18: =VLOOKUP(AH18,multiplier,4,FALSE()) -> 1e-06 | AK18: =VLOOKUP(AH18,multiplier,8,FALSE()) -> 2 | AL18: =VLOOKUP(AB18,Results,7,FALSE()) -> 2.7911949 | AM18: =VLOOKUP(AH18,multiplier,7,FALSE()) -> 1 | AN18: =VLOOKUP(AH18,multiplier,9,FALSE()) -> 0.02 | AO18: =VLOOKUP(AB18,Results,9,FALSE())*1000 -> 1591.91 | AQ18: =SQRT((0.000014*AI18*AJ18*1000000)^2+(0.001*AL18*AM18)^2+(AK18/AO18)^2) -> 0.0063400512 | AR18: =AQ18*0.000001/(AC18*AJ18) -> 0.24656142 | AS18: =SQRT((0.000014*AL18)^2+(0.0000001*AI18*AJ18*1000000)^2+(AN18/AO18)^2) -> 5.7075757e-05 | AT18: =AS18/AE18 -> 0.0047237254
A19: component stability | B19: =5*0.000001*D11 -> 0.496995 | C19: =B19^2 -> 0.24700403 | D19: 50 | E19: =0.5*(1/(0.01*D19)^2) -> 2 | F19: =B19^4/E19 -> 0.030505495 | G19: some doubt on stability of capacitor in particular, increased in 2004 | K19: Increase from 2 to 5 ppm to account for short-term instability of 1000 pF capacitor | S19: B5 | T19: 0.004 | U19: =0.05*T19 -> 0.0002 | V19: 2e-05 | W19: =0.05*V19 -> 1e-06 | AB19: B5 | AC19: 0.031708301 | AD19: 2.0899605 | AE19: 0.013741586 | AF19: 2.1612898 | AH19: =VLOOKUP(AB19, Results,2,FALSE()) -> 2Z | AI19: =VLOOKUP(AB19,Results,5,FALSE()) -> 494.54123 | AJ19: =VLOOKUP(AH19,multiplier,4,FALSE()) -> 1e-06 | AK19: =VLOOKUP(AH19,multiplier,8,FALSE()) -> 2 | AL19: =VLOOKUP(AB19,Results,7,FALSE()) -> 3.1743629 | AM19: =VLOOKUP(AH19,multiplier,7,FALSE()) -> 1 | AN19: =VLOOKUP(AH19,multiplier,9,FALSE()) -> 0.02 | AO19: =VLOOKUP(AB19,Results,9,FALSE())*1000 -> 1591.99 | AQ19: =SQRT((0.000014*AI19*AJ19*1000000)^2+(0.001*AL19*AM19)^2+(AK19/AO19)^2) -> 0.0077195055 | AR19: =AQ19*0.000001/(AC19*AJ19) -> 0.24345377 | AS19: =SQRT((0.000014*AL19)^2+(0.0000001*AI19*AJ19*1000000)^2+(AN19/AO19)^2) -> 6.7664956e-05 | AT19: =AS19/AE19 -> 0.0049241008
A20: L/C error due to phase error in R/G | B20: =16*D34/10000000 -> 0.9105584 | C20: =B20^2 -> 0.8291166 | D20: - | E20: 13 | F20: =B20^4/E20 -> 0.052879564 | G20: 16 ppm of resistance dial setting, see comment for resistance, reduced to 5 ppm after 2004 cal | K20: Link to conductance setting, previously just 2 counts | S20: B6 | T20: 0.004 | U20: =0.05*T20 -> 0.0002 | V20: 2e-05 | W20: =0.05*V20 -> 1e-06 | AB20: B6 | AC20: 0.037780852 | AD20: 2.0945415 | AE20: 0.015313651 | AF20: 2.1612796 | AH20: =VLOOKUP(AB20, Results,2,FALSE()) -> 2Z | AI20: =VLOOKUP(AB20,Results,5,FALSE()) -> 593.59611 | AJ20: =VLOOKUP(AH20,multiplier,4,FALSE()) -> 1e-06 | AK20: =VLOOKUP(AH20,multiplier,8,FALSE()) -> 2 | AL20: =VLOOKUP(AB20,Results,7,FALSE()) -> 3.5374895 | AM20: =VLOOKUP(AH20,multiplier,7,FALSE()) -> 1 | AN20: =VLOOKUP(AH20,multiplier,9,FALSE()) -> 0.02 | AO20: =VLOOKUP(AB20,Results,9,FALSE())*1000 -> 1591.64 | AQ20: =SQRT((0.000014*AI20*AJ20*1000000)^2+(0.001*AL20*AM20)^2+(AK20/AO20)^2) -> 0.0091189162 | AR20: =AQ20*0.000001/(AC20*AJ20) -> 0.24136343 | AS20: =SQRT((0.000014*AL20)^2+(0.0000001*AI20*AJ20*1000000)^2+(AN20/AO20)^2) -> 7.8320944e-05 | AT20: =AS20/AE20 -> 0.0051144529
A21: resolution | B21: =2000/(VLOOKUP(label,Results,9,FALSE())*1000) -> 1.2561078 | C21: =B21^2 -> 1.5778069 | D21: 50 | E21: =0.5*(1/(0.01*D21)^2) -> 2 | F21: =B21^4/E21 -> 1.2447373 | G21: this might be range and frequency dependent | K21: Previous was 2, use latest value from MSLT.E.023.005, 200/f | S21: B7 | T21: 0.004 | U21: =0.05*T21 -> 0.0002 | V21: 2e-05 | W21: =0.05*V21 -> 1e-06 | AB21: B7 | AC21: 0.043793554 | AD21: 2.0977927 | AE21: 0.016840154 | AF21: 2.1612705 | AH21: =VLOOKUP(AB21, Results,2,FALSE()) -> 2Z | AI21: =VLOOKUP(AB21,Results,5,FALSE()) -> 691.43474 | AJ21: =VLOOKUP(AH21,multiplier,4,FALSE()) -> 1e-06 | AK21: =VLOOKUP(AH21,multiplier,8,FALSE()) -> 2 | AL21: =VLOOKUP(AB21,Results,7,FALSE()) -> 3.8900894 | AM21: =VLOOKUP(AH21,multiplier,7,FALSE()) -> 1 | AN21: =VLOOKUP(AH21,multiplier,9,FALSE()) -> 0.02 | AO21: =VLOOKUP(AB21,Results,9,FALSE())*1000 -> 1592.21 | AQ21: =SQRT((0.000014*AI21*AJ21*1000000)^2+(0.001*AL21*AM21)^2+(AK21/AO21)^2) -> 0.01050784 | AR21: =AQ21*0.000001/(AC21*AJ21) -> 0.23994033 | AS21: =SQRT((0.000014*AL21)^2+(0.0000001*AI21*AJ21*1000000)^2+(AN21/AO21)^2) -> 8.890799e-05 | AT21: =AS21/AE21 -> 0.0052795236
B22: 0 | C22: =B22^2 -> 0 | D22: 1 | E22: =0.5*(1/(0.01*D22)^2) -> 5000 | F22: =B22^4/E22 -> 0 | S22: B8 | T22: 0.004 | U22: =0.05*T22 -> 0.0002 | V22: 2e-05 | W22: =0.05*V22 -> 1e-06 | AB22: B8 | AC22: 0.049780146 | AD22: 2.1006905 | AE22: 0.018149511 | AF22: 2.1612601 | AH22: =VLOOKUP(AB22, Results,2,FALSE()) -> 2Z | AI22: =VLOOKUP(AB22,Results,5,FALSE()) -> 789.22937 | AJ22: =VLOOKUP(AH22,multiplier,4,FALSE()) -> 1e-06 | AK22: =VLOOKUP(AH22,multiplier,8,FALSE()) -> 2 | AL22: =VLOOKUP(AB22,Results,7,FALSE()) -> 4.1925208 | AM22: =VLOOKUP(AH22,multiplier,7,FALSE()) -> 1 | AN22: =VLOOKUP(AH22,multiplier,9,FALSE()) -> 0.02 | AO22: =VLOOKUP(AB22,Results,9,FALSE())*1000 -> 1592.28 | AQ22: =SQRT((0.000014*AI22*AJ22*1000000)^2+(0.001*AL22*AM22)^2+(AK22/AO22)^2) -> 0.011884443 | AR22: =AQ22*0.000001/(AC22*AJ22) -> 0.23873861 | AS22: =SQRT((0.000014*AL22)^2+(0.0000001*AI22*AJ22*1000000)^2+(AN22/AO22)^2) -> 9.915511e-05 | AT22: =AS22/AE22 -> 0.0054632387
B23: Sum of variance | C23: =SUM(C14:C22) -> 6.6204459 | E23: Sum of u^4/v | F23: =SUM(F14:F22) -> 2.9771685 | S23: B9 | T23: 0.004 | U23: =0.05*T23 -> 0.0002 | V23: 2e-05 | W23: =0.05*V23 -> 1e-06 | AB23: B9 | AC23: 0.055815985 | AD23: 2.1027967 | AE23: 0.019521989 | AF23: 2.1612512 | AH23: =VLOOKUP(AB23, Results,2,FALSE()) -> 2Z | AI23: =VLOOKUP(AB23,Results,5,FALSE()) -> 887.49408 | AJ23: =VLOOKUP(AH23,multiplier,4,FALSE()) -> 1e-06 | AK23: =VLOOKUP(AH23,multiplier,8,FALSE()) -> 2 | AL23: =VLOOKUP(AB23,Results,7,FALSE()) -> 4.5095331 | AM23: =VLOOKUP(AH23,multiplier,7,FALSE()) -> 1 | AN23: =VLOOKUP(AH23,multiplier,9,FALSE()) -> 0.02 | AO23: =VLOOKUP(AB23,Results,9,FALSE())*1000 -> 1592.34 | AQ23: =SQRT((0.000014*AI23*AJ23*1000000)^2+(0.001*AL23*AM23)^2+(AK23/AO23)^2) -> 0.013277501 | AR23: =AQ23*0.000001/(AC23*AJ23) -> 0.2378799 | AS23: =SQRT((0.000014*AL23)^2+(0.0000001*AI23*AJ23*1000000)^2+(AN23/AO23)^2) -> 0.00010963598 | AT23: =AS23/AE23 -> 0.0056160252
B24: u combined (counts) | C24: =SQRT(C23) -> 2.5730227 | E24: effective v | F24: =L_standard_uncertainty^4/F23 -> 14.722144 | S24: B10 | T24: 0.004 | U24: =0.05*T24 -> 0.0002 | V24: 2e-05 | W24: =0.05*V24 -> 1e-06 | AB24: B10 | AC24: 0.061804451 | AD24: 2.1044975 | AE24: 0.02084997 | AF24: 2.1612428 | AH24: =VLOOKUP(AB24, Results,2,FALSE()) -> 2Z | AI24: =VLOOKUP(AB24,Results,5,FALSE()) -> 984.95064 | AJ24: =VLOOKUP(AH24,multiplier,4,FALSE()) -> 1e-06 | AK24: =VLOOKUP(AH24,multiplier,8,FALSE()) -> 2 | AL24: =VLOOKUP(AB24,Results,7,FALSE()) -> 4.8162648 | AM24: =VLOOKUP(AH24,multiplier,7,FALSE()) -> 1 | AN24: =VLOOKUP(AH24,multiplier,9,FALSE()) -> 0.02 | AO24: =VLOOKUP(AB24,Results,9,FALSE())*1000 -> 1592.38 | AQ24: =SQRT((0.000014*AI24*AJ24*1000000)^2+(0.001*AL24*AM24)^2+(AK24/AO24)^2) -> 0.014660114 | AR24: =AQ24*0.000001/(AC24*AJ24) -> 0.23720159 | AS24: =SQRT((0.000014*AL24)^2+(0.0000001*AI24*AJ24*1000000)^2+(AN24/AO24)^2) -> 0.00012002301 | AT24: =AS24/AE24 -> 0.0057565073
E25: k | F25: =$G$3+$G$4/F24+$G$5/F24^2+$G$6/F24^3 -> 2.1292183 | AH25: =VLOOKUP(AB25, Results,2,FALSE()) -> #N/A | AI25: =VLOOKUP(AB25,Results,5,FALSE()) -> #N/A | AJ25: =VLOOKUP(AH25,multiplier,4,FALSE()) -> #N/A | AK25: =VLOOKUP(AH25,multiplier,8,FALSE()) -> #N/A | AL25: =VLOOKUP(AB25,Results,7,FALSE()) -> #N/A | AM25: =VLOOKUP(AH25,multiplier,7,FALSE()) -> #N/A | AN25: =VLOOKUP(AH25,multiplier,9,FALSE()) -> #N/A | AO25: =VLOOKUP(AB25,Results,9,FALSE())*1000 -> #N/A
A26: Assumptions | E26: expanded u (counts) | F26: =F25*L_standard_uncertainty -> 5.4785271 | AH26: =VLOOKUP(AB26, Results,2,FALSE()) -> #N/A | AI26: =VLOOKUP(AB26,Results,5,FALSE()) -> #N/A | AJ26: =VLOOKUP(AH26,multiplier,4,FALSE()) -> #N/A | AK26: =VLOOKUP(AH26,multiplier,8,FALSE()) -> #N/A | AL26: =VLOOKUP(AB26,Results,7,FALSE()) -> #N/A | AM26: =VLOOKUP(AH26,multiplier,7,FALSE()) -> #N/A | AN26: =VLOOKUP(AH26,multiplier,9,FALSE()) -> #N/A | AO26: =VLOOKUP(AB26,Results,9,FALSE())*1000 -> #N/A
A27: 1/ For all frequencies. Additional noise typical at 50 Hz needs to be added | AH27: =VLOOKUP(AB27, Results,2,FALSE()) -> #N/A | AI27: =VLOOKUP(AB27,Results,5,FALSE()) -> #N/A | AJ27: =VLOOKUP(AH27,multiplier,4,FALSE()) -> #N/A | AK27: =VLOOKUP(AH27,multiplier,8,FALSE()) -> #N/A | AL27: =VLOOKUP(AB27,Results,7,FALSE()) -> #N/A | AM27: =VLOOKUP(AH27,multiplier,7,FALSE()) -> #N/A | AN27: =VLOOKUP(AH27,multiplier,9,FALSE()) -> #N/A | AO27: =VLOOKUP(AB27,Results,9,FALSE())*1000 -> #N/A
A28: 2/ Phase angle assumed small, ie no dial interaction. | AH28: =VLOOKUP(AB28, Results,2,FALSE()) -> #N/A | AI28: =VLOOKUP(AB28,Results,5,FALSE()) -> #N/A | AJ28: =VLOOKUP(AH28,multiplier,4,FALSE()) -> #N/A | AK28: =VLOOKUP(AH28,multiplier,8,FALSE()) -> #N/A | AL28: =VLOOKUP(AB28,Results,7,FALSE()) -> #N/A | AM28: =VLOOKUP(AH28,multiplier,7,FALSE()) -> #N/A | AN28: =VLOOKUP(AH28,multiplier,9,FALSE()) -> #N/A | AO28: =VLOOKUP(AB28,Results,9,FALSE())*1000 -> #N/A
A29: 3/ Consistent with 1984 calibration, the IEEE paper and recent complement checks | AH29: =VLOOKUP(AB29, Results,2,FALSE()) -> #N/A | AI29: =VLOOKUP(AB29,Results,5,FALSE()) -> #N/A | AJ29: =VLOOKUP(AH29,multiplier,4,FALSE()) -> #N/A | AK29: =VLOOKUP(AH29,multiplier,8,FALSE()) -> #N/A | AL29: =VLOOKUP(AB29,Results,7,FALSE()) -> #N/A | AM29: =VLOOKUP(AH29,multiplier,7,FALSE()) -> #N/A | AN29: =VLOOKUP(AH29,multiplier,9,FALSE()) -> #N/A | AO29: =VLOOKUP(AB29,Results,9,FALSE())*1000 -> #N/A
A30: 4/ Updated following 2004/5 UB calibration, see AUDIREGC | AH30: =VLOOKUP(AB30, Results,2,FALSE()) -> #N/A | AI30: =VLOOKUP(AB30,Results,5,FALSE()) -> #N/A | AJ30: =VLOOKUP(AH30,multiplier,4,FALSE()) -> #N/A | AK30: =VLOOKUP(AH30,multiplier,8,FALSE()) -> #N/A | AL30: =VLOOKUP(AB30,Results,7,FALSE()) -> #N/A | AM30: =VLOOKUP(AH30,multiplier,7,FALSE()) -> #N/A | AN30: =VLOOKUP(AH30,multiplier,9,FALSE()) -> #N/A | AO30: =VLOOKUP(AB30,Results,9,FALSE())*1000 -> #N/A
AH31: =VLOOKUP(AB31, Results,2,FALSE()) -> #N/A | AI31: =VLOOKUP(AB31,Results,5,FALSE()) -> #N/A | AJ31: =VLOOKUP(AH31,multiplier,4,FALSE()) -> #N/A | AK31: =VLOOKUP(AH31,multiplier,8,FALSE()) -> #N/A | AL31: =VLOOKUP(AB31,Results,7,FALSE()) -> #N/A | AM31: =VLOOKUP(AH31,multiplier,7,FALSE()) -> #N/A | AN31: =VLOOKUP(AH31,multiplier,9,FALSE()) -> #N/A | AO31: =VLOOKUP(AB31,Results,9,FALSE())*1000 -> #N/A
AH32: =VLOOKUP(AB32, Results,2,FALSE()) -> #N/A | AI32: =VLOOKUP(AB32,Results,5,FALSE()) -> #N/A | AJ32: =VLOOKUP(AH32,multiplier,4,FALSE()) -> #N/A | AK32: =VLOOKUP(AH32,multiplier,8,FALSE()) -> #N/A | AL32: =VLOOKUP(AB32,Results,7,FALSE()) -> #N/A | AM32: =VLOOKUP(AH32,multiplier,7,FALSE()) -> #N/A | AN32: =VLOOKUP(AH32,multiplier,9,FALSE()) -> #N/A | AO32: =VLOOKUP(AB32,Results,9,FALSE())*1000 -> #N/A
A33: Universal bridge resistance uncertainty | F33: k=a+b/v+c/v^2+d/v^3 | AH33: =VLOOKUP(AB33, Results,2,FALSE()) -> #N/A | AI33: =VLOOKUP(AB33,Results,5,FALSE()) -> #N/A | AJ33: =VLOOKUP(AH33,multiplier,4,FALSE()) -> #N/A | AK33: =VLOOKUP(AH33,multiplier,8,FALSE()) -> #N/A | AL33: =VLOOKUP(AB33,Results,7,FALSE()) -> #N/A | AM33: =VLOOKUP(AH33,multiplier,7,FALSE()) -> #N/A | AN33: =VLOOKUP(AH33,multiplier,9,FALSE()) -> #N/A | AO33: =VLOOKUP(AB33,Results,9,FALSE())*1000 -> #N/A
B34: Standard | C34: for | D34: =VLOOKUP(label,Results,4,FALSE()) -> 569099 | E34: conductance dial setting | G34: all references to the conductance dial are now to cell D34 (previously separate lookups back to results page) | AH34: =VLOOKUP(AB34, Results,2,FALSE()) -> #N/A | AI34: =VLOOKUP(AB34,Results,5,FALSE()) -> #N/A | AJ34: =VLOOKUP(AH34,multiplier,4,FALSE()) -> #N/A | AK34: =VLOOKUP(AH34,multiplier,8,FALSE()) -> #N/A | AL34: =VLOOKUP(AB34,Results,7,FALSE()) -> #N/A | AM34: =VLOOKUP(AH34,multiplier,7,FALSE()) -> #N/A | AN34: =VLOOKUP(AH34,multiplier,9,FALSE()) -> #N/A | AO34: =VLOOKUP(AB34,Results,9,FALSE())*1000 -> #N/A
A35: Source of uncertainty | B35: Uncertainties | E35: Degrees of | AH35: =VLOOKUP(AB35, Results,2,FALSE()) -> #N/A | AI35: =VLOOKUP(AB35,Results,5,FALSE()) -> #N/A | AJ35: =VLOOKUP(AH35,multiplier,4,FALSE()) -> #N/A | AK35: =VLOOKUP(AH35,multiplier,8,FALSE()) -> #N/A | AL35: =VLOOKUP(AB35,Results,7,FALSE()) -> #N/A | AM35: =VLOOKUP(AH35,multiplier,7,FALSE()) -> #N/A | AN35: =VLOOKUP(AH35,multiplier,9,FALSE()) -> #N/A | AO35: =VLOOKUP(AB35,Results,9,FALSE())*1000 -> #N/A
B36: u (counts) | C36: Variances | D36: % Accuracy | E36: Freedom, v | F36: u^4/v | K36: Latest comment | AH36: =VLOOKUP(AB36, Results,2,FALSE()) -> #N/A | AI36: =VLOOKUP(AB36,Results,5,FALSE()) -> #N/A | AJ36: =VLOOKUP(AH36,multiplier,4,FALSE()) -> #N/A | AK36: =VLOOKUP(AH36,multiplier,8,FALSE()) -> #N/A | AL36: =VLOOKUP(AB36,Results,7,FALSE()) -> #N/A | AM36: =VLOOKUP(AH36,multiplier,7,FALSE()) -> #N/A | AN36: =VLOOKUP(AH36,multiplier,9,FALSE()) -> #N/A | AO36: =VLOOKUP(AB36,Results,9,FALSE())*1000 -> #N/A
A37: G/R error due to phase error in L/C | B37: =10*0.000016*D11 -> 15.90384 | C37: =B37^2 -> 252.93213 | D37: - | E37: 13 | F37: =B37^4/E37 -> 4921.1277 | G37: based on standard deviation of 1984 determinations, 160 counts (16 ppm) for C at full scale | K37: Previous was 16, use latest value of 5 from MSLT.E.023.005 | L37: Now return to 16 to stay consistent with CMCS | AH37: =VLOOKUP(AB37, Results,2,FALSE()) -> #N/A | AI37: =VLOOKUP(AB37,Results,5,FALSE()) -> #N/A | AJ37: =VLOOKUP(AH37,multiplier,4,FALSE()) -> #N/A | AK37: =VLOOKUP(AH37,multiplier,8,FALSE()) -> #N/A | AL37: =VLOOKUP(AB37,Results,7,FALSE()) -> #N/A | AM37: =VLOOKUP(AH37,multiplier,7,FALSE()) -> #N/A | AN37: =VLOOKUP(AH37,multiplier,9,FALSE()) -> #N/A | AO37: =VLOOKUP(AB37,Results,9,FALSE())*1000 -> #N/A
A38: dial linearity | B38: 10 | C38: =B38^2 -> 100 | D38: 30 | E38: =0.5*(1/(0.01*D38)^2) -> 5.5555556 | F38: =B38^4/E38 -> 1800 | K38: Previous value was 2, now decreased to 1 ppm following MSLT.E023.005 | AH38: =VLOOKUP(AB38, Results,2,FALSE()) -> #N/A | AI38: =VLOOKUP(AB38,Results,5,FALSE()) -> #N/A | AJ38: =VLOOKUP(AH38,multiplier,4,FALSE()) -> #N/A | AK38: =VLOOKUP(AH38,multiplier,8,FALSE()) -> #N/A | AL38: =VLOOKUP(AB38,Results,7,FALSE()) -> #N/A | AM38: =VLOOKUP(AH38,multiplier,7,FALSE()) -> #N/A | AN38: =VLOOKUP(AH38,multiplier,9,FALSE()) -> #N/A | AO38: =VLOOKUP(AB38,Results,9,FALSE())*1000 -> #N/A
A39: ac/dc error of standards | B39: =2.5*0.000001*D34*10 -> 14.227475 | C39: =B39^2 -> 202.42104 | D39: 30 | E39: =0.5*(1/(0.01*D39)^2) -> 5.5555556 | F39: =B39^4/E39 -> 7375.3703 | G39: 5ppm considered two sigma limit, essentially relying on dc values of resistors | AH39: =VLOOKUP(AB39, Results,2,FALSE()) -> #N/A | AI39: =VLOOKUP(AB39,Results,5,FALSE()) -> #N/A | AJ39: =VLOOKUP(AH39,multiplier,4,FALSE()) -> #N/A | AK39: =VLOOKUP(AH39,multiplier,8,FALSE()) -> #N/A | AL39: =VLOOKUP(AB39,Results,7,FALSE()) -> #N/A | AM39: =VLOOKUP(AH39,multiplier,7,FALSE()) -> #N/A | AN39: =VLOOKUP(AH39,multiplier,9,FALSE()) -> #N/A | AO39: =VLOOKUP(AB39,Results,9,FALSE())*1000 -> #N/A
A40: resolution | B40: =2000/(VLOOKUP(label,Results,9,FALSE())*1000)*10 -> 12.561078 | C40: =B40^2 -> 157.78069 | D40: 30 | E40: =0.5*(1/(0.01*D40)^2) -> 5.5555556 | F40: =B40^4/E40 -> 4481.0541 | G40: this might be dependent on frequency and range, included below, increased from 0 to 1 in 2006, now 2000/f | L40: Increase to 5 for 2011 measurements. | AH40: =VLOOKUP(AB40, Results,2,FALSE()) -> #N/A | AI40: =VLOOKUP(AB40,Results,5,FALSE()) -> #N/A | AJ40: =VLOOKUP(AH40,multiplier,4,FALSE()) -> #N/A | AK40: =VLOOKUP(AH40,multiplier,8,FALSE()) -> #N/A | AL40: =VLOOKUP(AB40,Results,7,FALSE()) -> #N/A | AM40: =VLOOKUP(AH40,multiplier,7,FALSE()) -> #N/A | AN40: =VLOOKUP(AH40,multiplier,9,FALSE()) -> #N/A | AO40: =VLOOKUP(AB40,Results,9,FALSE())*1000 -> #N/A
A41: amplifier/ratio | B41: =17*0.000001*D34 -> 9.674683 | C41: =B41^2 -> 93.599491 | D41: 30 | E41: =0.5*(1/(0.01*D41)^2) -> 5.5555556 | F41: =B41^4/E41 -> 1576.9557 | G41: based on scatter of results in 1984, increased following 2004 and 2005 calibration | K41: Previous value was 7 ppm, now increased to 17 ppm to acount for errors on RHS of bridge. | AH41: =VLOOKUP(AB41, Results,2,FALSE()) -> #N/A | AI41: =VLOOKUP(AB41,Results,5,FALSE()) -> #N/A | AJ41: =VLOOKUP(AH41,multiplier,4,FALSE()) -> #N/A | AK41: =VLOOKUP(AH41,multiplier,8,FALSE()) -> #N/A | AL41: =VLOOKUP(AB41,Results,7,FALSE()) -> #N/A | AM41: =VLOOKUP(AH41,multiplier,7,FALSE()) -> #N/A | AN41: =VLOOKUP(AH41,multiplier,9,FALSE()) -> #N/A | AO41: =VLOOKUP(AB41,Results,9,FALSE())*1000 -> #N/A
A42: temperature coefficient of resistors | B42: =2*0.000001*D34*10 -> 11.38198 | C42: =B42^2 -> 129.54947 | D42: 50 | E42: =0.5*(1/(0.01*D42)^2) -> 2 | F42: =B42^4/E42 -> 8391.5324 | G42: depends on matching of Vishay components | AH42: =VLOOKUP(AB42, Results,2,FALSE()) -> #N/A | AI42: =VLOOKUP(AB42,Results,5,FALSE()) -> #N/A | AJ42: =VLOOKUP(AH42,multiplier,4,FALSE()) -> #N/A | AK42: =VLOOKUP(AH42,multiplier,8,FALSE()) -> #N/A | AL42: =VLOOKUP(AB42,Results,7,FALSE()) -> #N/A | AM42: =VLOOKUP(AH42,multiplier,7,FALSE()) -> #N/A | AN42: =VLOOKUP(AH42,multiplier,9,FALSE()) -> #N/A | AO42: =VLOOKUP(AB42,Results,9,FALSE())*1000 -> #N/A
A43: component stability | B43: =2*0.000001*D34*10 -> 11.38198 | C43: =B43^2 -> 129.54947 | D43: 30 | E43: =0.5*(1/(0.01*D43)^2) -> 5.5555556 | F43: =B43^4/E43 -> 3020.9517 | G43: stability of resistors only | AH43: =VLOOKUP(AB43, Results,2,FALSE()) -> #N/A | AI43: =VLOOKUP(AB43,Results,5,FALSE()) -> #N/A | AJ43: =VLOOKUP(AH43,multiplier,4,FALSE()) -> #N/A | AK43: =VLOOKUP(AH43,multiplier,8,FALSE()) -> #N/A | AL43: =VLOOKUP(AB43,Results,7,FALSE()) -> #N/A | AM43: =VLOOKUP(AH43,multiplier,7,FALSE()) -> #N/A | AN43: =VLOOKUP(AH43,multiplier,9,FALSE()) -> #N/A | AO43: =VLOOKUP(AB43,Results,9,FALSE())*1000 -> #N/A
B44: 0 | C44: =B44^2 -> 0 | D44: 50 | E44: =0.5*(1/(0.01*D44)^2) -> 2 | F44: =B44^4/E44 -> 0 | K44: Previous value was 1, now increased to 2 ppm following MSLT.E023.005 | AH44: =VLOOKUP(AB44, Results,2,FALSE()) -> #N/A | AI44: =VLOOKUP(AB44,Results,5,FALSE()) -> #N/A | AJ44: =VLOOKUP(AH44,multiplier,4,FALSE()) -> #N/A | AK44: =VLOOKUP(AH44,multiplier,8,FALSE()) -> #N/A | AL44: =VLOOKUP(AB44,Results,7,FALSE()) -> #N/A | AM44: =VLOOKUP(AH44,multiplier,7,FALSE()) -> #N/A | AN44: =VLOOKUP(AH44,multiplier,9,FALSE()) -> #N/A | AO44: =VLOOKUP(AB44,Results,9,FALSE())*1000 -> #N/A
B45: 0 | C45: =B45^2 -> 0 | D45: 1 | E45: =0.5*(1/(0.01*D45)^2) -> 5000 | F45: =B45^4/E45 -> 0 | AH45: =VLOOKUP(AB45, Results,2,FALSE()) -> #N/A | AI45: =VLOOKUP(AB45,Results,5,FALSE()) -> #N/A | AJ45: =VLOOKUP(AH45,multiplier,4,FALSE()) -> #N/A | AK45: =VLOOKUP(AH45,multiplier,8,FALSE()) -> #N/A | AL45: =VLOOKUP(AB45,Results,7,FALSE()) -> #N/A | AM45: =VLOOKUP(AH45,multiplier,7,FALSE()) -> #N/A | AN45: =VLOOKUP(AH45,multiplier,9,FALSE()) -> #N/A | AO45: =VLOOKUP(AB45,Results,9,FALSE())*1000 -> #N/A
B46: Sum of variance | C46: =SUM(C37:C45) -> 1065.8323 | E46: Sum of u^4/v | F46: =SUM(F37:F45) -> 31566.992 | AH46: =VLOOKUP(AB46, Results,2,FALSE()) -> #N/A | AI46: =VLOOKUP(AB46,Results,5,FALSE()) -> #N/A | AJ46: =VLOOKUP(AH46,multiplier,4,FALSE()) -> #N/A | AK46: =VLOOKUP(AH46,multiplier,8,FALSE()) -> #N/A | AL46: =VLOOKUP(AB46,Results,7,FALSE()) -> #N/A | AM46: =VLOOKUP(AH46,multiplier,7,FALSE()) -> #N/A | AN46: =VLOOKUP(AH46,multiplier,9,FALSE()) -> #N/A | AO46: =VLOOKUP(AB46,Results,9,FALSE())*1000 -> #N/A
B47: u combined (counts) | C47: =SQRT(C46) -> 32.647087 | E47: effective v | F47: =R_standard_uncertainty^4/F46 -> 35.986909 | AH47: =VLOOKUP(AB47, Results,2,FALSE()) -> #N/A | AI47: =VLOOKUP(AB47,Results,5,FALSE()) -> #N/A | AJ47: =VLOOKUP(AH47,multiplier,4,FALSE()) -> #N/A | AK47: =VLOOKUP(AH47,multiplier,8,FALSE()) -> #N/A | AL47: =VLOOKUP(AB47,Results,7,FALSE()) -> #N/A | AM47: =VLOOKUP(AH47,multiplier,7,FALSE()) -> #N/A | AN47: =VLOOKUP(AH47,multiplier,9,FALSE()) -> #N/A | AO47: =VLOOKUP(AB47,Results,9,FALSE())*1000 -> #N/A
E48: k | F48: =$G$3+$G$4/F47+$G$5/F47^2+$G$6/F47^3 -> 2.0270486 | AH48: =VLOOKUP(AB48, Results,2,FALSE()) -> #N/A | AI48: =VLOOKUP(AB48,Results,5,FALSE()) -> #N/A | AJ48: =VLOOKUP(AH48,multiplier,4,FALSE()) -> #N/A | AK48: =VLOOKUP(AH48,multiplier,8,FALSE()) -> #N/A | AL48: =VLOOKUP(AB48,Results,7,FALSE()) -> #N/A | AM48: =VLOOKUP(AH48,multiplier,7,FALSE()) -> #N/A | AN48: =VLOOKUP(AH48,multiplier,9,FALSE()) -> #N/A | AO48: =VLOOKUP(AB48,Results,9,FALSE())*1000 -> #N/A
A49: Assumptions | E49: expanded u (counts) | F49: =F48*R_standard_uncertainty -> 66.177233 | AH49: =VLOOKUP(AB49, Results,2,FALSE()) -> #N/A | AI49: =VLOOKUP(AB49,Results,5,FALSE()) -> #N/A | AJ49: =VLOOKUP(AH49,multiplier,4,FALSE()) -> #N/A | AK49: =VLOOKUP(AH49,multiplier,8,FALSE()) -> #N/A | AL49: =VLOOKUP(AB49,Results,7,FALSE()) -> #N/A | AM49: =VLOOKUP(AH49,multiplier,7,FALSE()) -> #N/A | AN49: =VLOOKUP(AH49,multiplier,9,FALSE()) -> #N/A | AO49: =VLOOKUP(AB49,Results,9,FALSE())*1000 -> #N/A
A50: 1/ This scatter is consistent with Thompson's phase standards. | AH50: =VLOOKUP(AB50, Results,2,FALSE()) -> #N/A | AI50: =VLOOKUP(AB50,Results,5,FALSE()) -> #N/A | AJ50: =VLOOKUP(AH50,multiplier,4,FALSE()) -> #N/A | AK50: =VLOOKUP(AH50,multiplier,8,FALSE()) -> #N/A | AL50: =VLOOKUP(AB50,Results,7,FALSE()) -> #N/A | AM50: =VLOOKUP(AH50,multiplier,7,FALSE()) -> #N/A | AN50: =VLOOKUP(AH50,multiplier,9,FALSE()) -> #N/A | AO50: =VLOOKUP(AB50,Results,9,FALSE())*1000 -> #N/A
A51: 2/ Updated following 200/54 UB calibration see AUDIREGC | AH51: =VLOOKUP(AB51, Results,2,FALSE()) -> #N/A | AI51: =VLOOKUP(AB51,Results,5,FALSE()) -> #N/A | AJ51: =VLOOKUP(AH51,multiplier,4,FALSE()) -> #N/A | AK51: =VLOOKUP(AH51,multiplier,8,FALSE()) -> #N/A | AL51: =VLOOKUP(AB51,Results,7,FALSE()) -> #N/A | AM51: =VLOOKUP(AH51,multiplier,7,FALSE()) -> #N/A | AN51: =VLOOKUP(AH51,multiplier,9,FALSE()) -> #N/A | AO51: =VLOOKUP(AB51,Results,9,FALSE())*1000 -> #N/A
AH52: =VLOOKUP(AB52, Results,2,FALSE()) -> #N/A | AI52: =VLOOKUP(AB52,Results,5,FALSE()) -> #N/A | AJ52: =VLOOKUP(AH52,multiplier,4,FALSE()) -> #N/A | AK52: =VLOOKUP(AH52,multiplier,8,FALSE()) -> #N/A | AL52: =VLOOKUP(AB52,Results,7,FALSE()) -> #N/A | AM52: =VLOOKUP(AH52,multiplier,7,FALSE()) -> #N/A | AN52: =VLOOKUP(AH52,multiplier,9,FALSE()) -> #N/A | AO52: =VLOOKUP(AB52,Results,9,FALSE())*1000 -> #N/A
AH53: =VLOOKUP(AB53, Results,2,FALSE()) -> #N/A | AI53: =VLOOKUP(AB53,Results,5,FALSE()) -> #N/A | AJ53: =VLOOKUP(AH53,multiplier,4,FALSE()) -> #N/A | AK53: =VLOOKUP(AH53,multiplier,8,FALSE()) -> #N/A | AL53: =VLOOKUP(AB53,Results,7,FALSE()) -> #N/A | AM53: =VLOOKUP(AH53,multiplier,7,FALSE()) -> #N/A | AN53: =VLOOKUP(AH53,multiplier,9,FALSE()) -> #N/A | AO53: =VLOOKUP(AB53,Results,9,FALSE())*1000 -> #N/A
A54: Resistance uncertainty for Sullivan inductor | F54: k=a+b/v+c/v^2+d/v^3 | AH54: =VLOOKUP(AB54, Results,2,FALSE()) -> #N/A | AI54: =VLOOKUP(AB54,Results,5,FALSE()) -> #N/A | AJ54: =VLOOKUP(AH54,multiplier,4,FALSE()) -> #N/A | AK54: =VLOOKUP(AH54,multiplier,8,FALSE()) -> #N/A | AL54: =VLOOKUP(AB54,Results,7,FALSE()) -> #N/A | AM54: =VLOOKUP(AH54,multiplier,7,FALSE()) -> #N/A | AN54: =VLOOKUP(AH54,multiplier,9,FALSE()) -> #N/A | AO54: =VLOOKUP(AB54,Results,9,FALSE())*1000 -> #N/A
B55: Standard | AH55: =VLOOKUP(AB55, Results,2,FALSE()) -> #N/A | AI55: =VLOOKUP(AB55,Results,5,FALSE()) -> #N/A | AJ55: =VLOOKUP(AH55,multiplier,4,FALSE()) -> #N/A | AK55: =VLOOKUP(AH55,multiplier,8,FALSE()) -> #N/A | AL55: =VLOOKUP(AB55,Results,7,FALSE()) -> #N/A | AM55: =VLOOKUP(AH55,multiplier,7,FALSE()) -> #N/A | AN55: =VLOOKUP(AH55,multiplier,9,FALSE()) -> #N/A | AO55: =VLOOKUP(AB55,Results,9,FALSE())*1000 -> #N/A
A56: Source of uncertainty | B56: Uncertainties | E56: Degrees of | AH56: =VLOOKUP(AB56, Results,2,FALSE()) -> #N/A | AI56: =VLOOKUP(AB56,Results,5,FALSE()) -> #N/A | AJ56: =VLOOKUP(AH56,multiplier,4,FALSE()) -> #N/A | AK56: =VLOOKUP(AH56,multiplier,8,FALSE()) -> #N/A | AL56: =VLOOKUP(AB56,Results,7,FALSE()) -> #N/A | AM56: =VLOOKUP(AH56,multiplier,7,FALSE()) -> #N/A | AN56: =VLOOKUP(AH56,multiplier,9,FALSE()) -> #N/A | AO56: =VLOOKUP(AB56,Results,9,FALSE())*1000 -> #N/A
B57: u (counts) | C57: Variances | D57: % Accuracy | E57: Freedom, v | F57: u^4/v | AH57: =VLOOKUP(AB57, Results,2,FALSE()) -> #N/A | AI57: =VLOOKUP(AB57,Results,5,FALSE()) -> #N/A | AJ57: =VLOOKUP(AH57,multiplier,4,FALSE()) -> #N/A | AK57: =VLOOKUP(AH57,multiplier,8,FALSE()) -> #N/A | AL57: =VLOOKUP(AB57,Results,7,FALSE()) -> #N/A | AM57: =VLOOKUP(AH57,multiplier,7,FALSE()) -> #N/A | AN57: =VLOOKUP(AH57,multiplier,9,FALSE()) -> #N/A | AO57: =VLOOKUP(AB57,Results,9,FALSE())*1000 -> #N/A
A58: ubridge uncertainty | B58: =R_standard_uncertainty -> 32.647087 | C58: =B58^2 -> 1065.8323 | D58: - | E58: =R_v -> 35.986909 | F58: =B58^4/E58 -> 31566.992 | G58: ubridge count uncertainty | AH58: =VLOOKUP(AB58, Results,2,FALSE()) -> #N/A | AI58: =VLOOKUP(AB58,Results,5,FALSE()) -> #N/A | AJ58: =VLOOKUP(AH58,multiplier,4,FALSE()) -> #N/A | AK58: =VLOOKUP(AH58,multiplier,8,FALSE()) -> #N/A | AL58: =VLOOKUP(AB58,Results,7,FALSE()) -> #N/A | AM58: =VLOOKUP(AH58,multiplier,7,FALSE()) -> #N/A | AN58: =VLOOKUP(AH58,multiplier,9,FALSE()) -> #N/A | AO58: =VLOOKUP(AB58,Results,9,FALSE())*1000 -> #N/A
A59: short term stability | B59: 0 | C59: =B59^2 -> 0 | D59: 30 | E59: =0.5*(1/(0.01*D59)^2) -> 5.5555556 | F59: =B59^4/E59 -> 0 | AH59: =VLOOKUP(AB59, Results,2,FALSE()) -> #N/A | AI59: =VLOOKUP(AB59,Results,5,FALSE()) -> #N/A | AJ59: =VLOOKUP(AH59,multiplier,4,FALSE()) -> #N/A | AK59: =VLOOKUP(AH59,multiplier,8,FALSE()) -> #N/A | AL59: =VLOOKUP(AB59,Results,7,FALSE()) -> #N/A | AM59: =VLOOKUP(AH59,multiplier,7,FALSE()) -> #N/A | AN59: =VLOOKUP(AH59,multiplier,9,FALSE()) -> #N/A | AO59: =VLOOKUP(AB59,Results,9,FALSE())*1000 -> #N/A
A60: temperature coefficient | B60: =SQRT((VLOOKUP(label, Params,2,FALSE())*0.5)^2+(0.5*VLOOKUP(label, Params,3,FALSE()))^2)*D34 -> 1139.6199 | C60: =B60^2 -> 1298733.4 | D60: 20 | E60: =0.5*(1/(0.01*D60)^2) -> 12.5 | F60: =B60^4/E60 -> 1.3493668e+11 | G60: assume u_t = 0.5 degree
A61: auxiliary balance senstivity | B61: =VLOOKUP(label,Params,7,FALSE()) -> 0 | C61: =B61^2 -> 0 | D61: 30 | E61: =0.5*(1/(0.01*D61)^2) -> 5.5555556 | F61: =B61^4/E61 -> 0 | G61: in Ubridge budget
B62: Sum of variance | C62: =SUM(C58:C61) -> 1299799.3 | E62: Sum of u^4/v | F62: =SUM(F58:F61) -> 1.3493671e+11
B63: u combined (counts) | C63: =SQRT(C62) -> 1140.0874 | E63: effective v | F63: =C63^4/F62 -> 12.520522
E64: k | F64: =$G$3+$G$4/F63+$G$5/F63^2+$G$6/F63^3 -> 2.1611894
A65: Assumptions | E65: expanded u (counts) | F65: =F64*C63 -> 2463.9447
A66: 1/ | F66: =F65*VLOOKUP(VLOOKUP(label,Results,2,FALSE()),multiplier,5,FALSE()) -> 0.024639447 | G66: =VLOOKUP(label,Results,8,FALSE()) -> ohm
A68: Inductance uncertainty for Sullivan inductor | F68: k=a+b/v+c/v^2+d/v^3
B69: Standard
A70: Source of uncertainty | B70: Uncertainties | E70: Degrees of
B71: u (counts) | C71: Variances | D71: % Accuracy | E71: Freedom, v | F71: u^4/v
A72: ubridge uncertainty | B72: =L_standard_uncertainty -> 2.5730227 | C72: =B72^2 -> 6.6204459 | D72: - | E72: =L_v -> 14.722144 | F72: =B72^4/E72 -> 2.9771685
A73: temperature coefficient | B73: =SQRT((VLOOKUP(label, Params,4,FALSE())*0.5)^2+(0.5*VLOOKUP(label, Params,5,FALSE()))^2)*D11 -> 0.99523171 | C73: =B73^2 -> 0.99048616 | D73: 30 | E73: =0.5*(1/(0.01*D73)^2) -> 5.5555556 | F73: =B73^4/E73 -> 0.17659131 | G73: assume 0.5 deg at one sigma and look up the temp coefficient
A74: short term stability | B74: =0.00002*D11 -> 1.98798 | C74: =B74^2 -> 3.9520645 | D74: 30 | E74: =0.5*(1/(0.01*D74)^2) -> 5.5555556 | F74: =B74^4/E74 -> 2.8113865 | G74: 20 ppm of dial setting
A75: auxiliary balance sensitivity | B75: =VLOOKUP(label,Params,6,FALSE()) -> 0 | C75: =B75^2 -> 0 | D75: 30 | E75: =0.5*(1/(0.01*D75)^2) -> 5.5555556 | F75: =B75^4/E75 -> 0 | G75: in Ubridge budget
B76: Sum of variance | C76: =SUM(C72:C75) -> 11.562997 | E76: Sum of u^4/v | F76: =SUM(F72:F75) -> 5.9651463
B77: u combined (count) | C77: =SQRT(C76) -> 3.4004406 | E77: effective v | F77: =C77^4/F76 -> 22.414017
E78: k | F78: =$G$3+$G$4/F77+$G$5/F77^2+$G$6/F77^3 -> 2.0689921
A79: Assumptions | E79: expanded u (count) | F79: =F78*C77 -> 7.0354849
A80: 1/ | F80: =F79*VLOOKUP(VLOOKUP(label,Results,2,FALSE()),multiplier,2,FALSE()) -> 7.0354849e-05 | G80: =VLOOKUP(label,Results,6,FALSE()) -> milliH

Sheet Previous History
G1: checked by: | H1: Tom been here
B2: 38398 | C2: S21586 | F2: 38398 | K2: 36749 | L2: S21384 | R2: 38408
B3: 9171/1962 | K3: 9171/1962 | R3: dial code | S3: Tap | T3: Inductance | U3: Expanded | V3: Coverage | W3: Resistance | X3: Expanded | Y3: Coverage
A4: Label | B4: Range 2Z | J4: Label | K4: Range 2Z | U4: uncertainty | V4: factor | X4: uncertainty | Y4: factor
A5: B10 | B5: 10 | C5: 984646 | D5: 4821626 | J5: B10 | K5: 10 | L5: 984617 | M5: 4827668 | T5: (mH) | U5: (mH)
A6: B9 | B6: 9 | C6: 887241 | D6: 4512760 | J6: B9 | K6: 9 | L6: 887225 | M6: 4520316 | R6: A1 | S6: 1 | T6: 993.99162 | U6: 0.11571014 | V6: 2.1007663 | W6: 5.6915849 | X6: 0.024610921 | Y6: 2.161103
A7: B8 | B7: 8 | C7: 789040 | D7: 4195500 | J7: B8 | K7: 8 | L7: 789013 | M7: 4202536 | R7: A2 | S7: 2 | T7: 1980.4119 | U7: 5.8868538 | V7: 2.1614515 | W7: 8.3816784 | X7: 0.03664029 | Y7: 2.1473019
A8: B7 | B8: 7 | C8: 691266 | D8: 3892830 | J8: B7 | K8: 7 | L8: 691241 | M8: 3899426 | R8: A3 | S8: 3 | T8: 2968.8226 | U8: 2.0201527 | V8: 2.1598892 | W8: 10.661008 | X8: 0.04616482 | Y8: 2.1591012
A9: B6 | B9: 6 | C9: 593428 | D9: 3543346 | F9: 594040 | G9: 3533330 | J9: B6 | K9: 6 | L9: 593428 | M9: 3543346 | R9: A4 | S9: 4 | T9: 3948.7118 | U9: 0.17899555 | V9: 2.1114098 | W9: 12.646222 | X9: 0.054673058 | Y9: 2.1613897
A10: B5 | B10: 5 | C10: 494427 | D10: 3176330 | J10: B5 | K10: 5 | L10: 494412 | M10: 3181644 | R10: A5 | S10: 5 | T10: 4932.4416 | U10: 0.21647582 | V10: 2.1361772 | W10: 14.413923 | X10: 0.062314743 | Y10: 2.1614043
A11: B4 | B11: 4 | C11: 396493 | D11: 2793140 | J11: B4 | K11: 4 | L11: 396485 | M11: 2797540 | R11: A6 | S11: 6 | T11: 5914.8613 | U11: 0.25412328 | V11: 2.1586386 | W11: 16.099119 | X11: 0.069599105 | Y11: 2.1614289
A12: B3 | B12: 3 | C12: 298240 | D12: 2207660 | J12: B3 | K12: 3 | L12: 298228 | M12: 2208660 | R12: A7 | S12: 7 | T12: 6891.6899 | U12: 0.29240337 | V12: 2.17543 | W12: 17.741713 | X12: 0.076699724 | Y12: 2.1614407
A13: B2 | B13: 2 | C13: 198990 | D13: 1740140 | J13: B2 | K13: 2 | L13: 198994 | M13: 1740961 | R13: A8 | S13: 8 | T13: 7864.0478 | U13: 0.33083325 | V13: 2.1889453 | W13: 19.256869 | X13: 0.083249655 | Y13: 2.1614463
A14: B1 | B14: 1 | C14: 99142 | D14: 1167100 | J14: B1 | K14: 1 | L14: 99140 | M14: 1167446 | R14: A9 | S14: 9 | T14: 8833.3752 | U14: 0.36924187 | V14: 2.2005909 | W14: 20.713282 | X14: 0.089545714 | Y14: 2.1614498
B15: 0 | K15: 0 | R15: A10 | S15: 10 | T15: 9803.9928 | U15: 0.40859064 | V15: 2.2065546 | W15: 22.195967 | X15: 0.095955077 | Y15: 2.1614569
B16: 9173/1962 | K16: 9173/1962
B17: Range 3Z | K17: Range 3Z
A18: A10 | B18: 10 | C18: 980229 | D18: 2219460 | J18: A10 | K18: 10 | L18: 980273 | M18: 2221419
A19: A9 | B19: 9 | C19: 883184 | D19: 2071200 | J19: A9 | K19: 9 | L19: 883227 | M19: 2073654 | S19: Tap | T19: Inductance | U19: Expanded | V19: Coverage | W19: Resistance | X19: Expanded | Y19: Coverage
A20: A8 | B20: 8 | C20: 786268 | D20: 1925567 | J20: A8 | K20: 8 | L20: 786313 | M20: 1928038 | U20: uncertainty | V20: factor | X20: uncertainty | Y20: factor
A21: A7 | B21: 7 | C21: 689049 | D21: 1774060 | J21: A7 | K21: 7 | L21: 689092 | M21: 1776493 | T21: (mH) | U21: (mH) | W21: (W) | X21: (W)
A22: A6 | B22: 6 | C22: 591383 | D22: 1609810 | J22: A6 | K22: 6 | L22: 591422 | M22: 1612197 | R22: B1 | S22: 1 | T22: 99.161121 | U22: 0.0061381351 | V22: 2.0412955 | W22: 1.1671766 | X22: 0.0050456074 | Y22: 2.1615078
A23: A5 | B23: 5 | C23: 493158 | D23: 1441300 | J23: A5 | K23: 5 | L23: 493192 | M23: 1443680 | R23: B2 | S23: 2 | T23: 199.02636 | U23: 0.0099933281 | V23: 2.0699662 | W23: 1.7402493 | X23: 0.0075229626 | Y23: 2.1615101
A24: A4 | B24: 4 | C24: 394802 | D24: 1264540 | J24: A4 | K24: 4 | L24: 394829 | M24: 1266570 | R24: B3 | S24: 3 | T24: 298.2935 | U24: 0.014440466 | V24: 2.0765843 | W24: 2.207796 | X24: 0.0095441298 | Y24: 2.1615119
A25: A3 | B25: 3 | C25: 296830 | D25: 1066030 | J25: A3 | K25: 3 | L25: 297330 | M25: 1073180 | R25: B4 | S25: 4 | T25: 396.56347 | U25: 0.018252532 | V25: 2.1064521 | W25: 2.7933094 | X25: 0.012075408 | Y25: 2.1614953
A26: A2 | B26: 2 | C26: 198006 | D26: 838110 | J26: A2 | K26: 2 | L26: 198979 | M26: 849340 | R26: B5 | S26: 5 | T26: 494.51438 | U26: 0.02237305 | V26: 2.1154354 | W26: 3.1765213 | X26: 0.013732014 | Y26: 2.161497
A27: A1 | B27: 1 | C27: 99381 | D27: 569116 | J27: A1 | K27: 1 | L27: 99390 | M27: 569920 | R27: B6 | S27: 6 | T27: 594.14458 | U27: 0.12517757 | V27: 2.1431976 | W27: 3.5335417 | X27: 0.015275654 | Y27: 2.1614737
B28: 0 | C28: -1 | D28: -10 | K28: 0 | R28: B7 | S28: 7 | T28: 691.38737 | U28: 0.030514135 | V28: 2.1338651 | W28: 3.8930622 | X28: 0.016829566 | Y28: 2.1615008
R29: B8 | S29: 8 | T29: 789.17826 | U29: 0.034488312 | V29: 2.142992 | W29: 4.1957495 | X29: 0.018138065 | Y29: 2.1615017
A30: 36749 | B30: S21384 | R30: B9 | S30: 9 | T30: 887.39622 | U30: 0.038437384 | V30: 2.1526606 | W30: 4.5130276 | X30: 0.019509642 | Y30: 2.1615022
A31: 9171/1962 | R31: B10 | S31: 10 | T31: 984.81804 | U31: 0.04252501 | V31: 2.155597 | W31: 4.8219112 | X31: 0.020844886 | Y31: 2.1615058
A32: Range 2Z
A33: 10 | B33: 984617 | C33: 4827668 | F33: 984617 | G33: 4827668
A34: 9 | B34: 887225 | C34: 4520316 | F34: 887225 | G34: 4520316
A35: 8 | B35: 789013 | C35: 4202536 | F35: 789013 | G35: 4202536
A36: 7 | B36: 691241 | C36: 3899426 | F36: 691241 | G36: 3899426
A37: 6 | B37: 593428 | C37: 3543346 | F37: 593428 | G37: 3543346
A38: 5 | B38: 494412 | C38: 3181644 | F38: 494412 | G38: 3181644
A39: 4 | B39: 396485 | C39: 2797540 | F39: 396485 | G39: 2797540
A40: 3 | B40: 298228 | C40: 2208660 | F40: 298228 | G40: 2208660
A41: 2 | B41: 198994 | C41: 1740961 | F41: 198994 | G41: 1740961
A42: 1 | B42: 99140 | C42: 1167446 | F42: 99140 | G42: 1167446
A43: 0
A44: 9173/1962
A45: Range 3Z
A46: 10 | B46: 980273 | C46: 2221419 | F46: 980273 | G46: 2221419
A47: 9 | B47: 883227 | C47: 2073654 | F47: 883227 | G47: 2073654
A48: 8 | B48: 786313 | C48: 1928038 | F48: 786313 | G48: 1928038
A49: 7 | B49: 689092 | C49: 1776493 | F49: 689092 | G49: 1776493
A50: 6 | B50: 591422 | C50: 1612197 | F50: 591422 | G50: 1612197
A51: 5 | B51: 493192 | C51: 1443680 | F51: 493192 | G51: 1443680
A52: 4 | B52: 394829 | C52: 1266570 | F52: 394829 | G52: 1266570
A53: 3 | B53: 297330 | C53: 1073180 | F53: 297330 | G53: 1073180
A54: 2 | B54: 198979 | C54: 849340 | F54: 198979 | G54: 849340
A55: 1 | B55: 99390 | C55: 569920 | F55: 99390 | G55: 569920
A56: 0
A57: 34971 | I57: 34971 | Q57: 38406
A58: 9171/1962 | I58: Tap | J58: Inductance | K58: Uncertainty | L58: Coverage | M58: Resistance | N58: Uncertainty | O58: Coverage | Q58: 9171/1962 | U58: L % | V58: R %
A59: Range 2Z | J59: (mH) | K59: (mH) | L59: Factor | M59: (W) | N59: (W) | O59: Factor | Q59: Range 2Z | V59: 3 Month Drift
A60: 10 | B60: 984610 | C60: 4837350 | I60: 1 | J60: 994.03001 | K60: 0.054571778 | L60: 2.1523566 | M60: 5.7182273 | N60: 0.024720619 | O60: 2.1615327 | Q60: 10 | R60: 984646 | S60: 4821626 | U60: =(C5-R60)/($B$2-$Q$57)*90/C5*100 -> 0 | V60: =(D5-S60)/($B$2-$Q$57)*90/D5*100 -> 0
A61: 9 | B61: 887218 | C61: 4529080 | I61: 2 | J61: 1980.3588 | K61: 0.10366107 | L61: 2.2108066 | M61: 8.421949 | N61: 0.036409149 | O61: 2.1615327 | Q61: 9 | R61: 887241 | S61: 4512760 | U61: =(C6-R61)/($B$2-$Q$57)*90/C6*100 -> 0 | V61: =(D6-S61)/($B$2-$Q$57)*90/D6*100 -> 0
A62: 8 | B62: 789017 | C62: 4210450 | I62: 3 | J62: 2968.9979 | K62: 0.15407063 | L62: 2.2297655 | M62: 10.712052 | N62: 0.046309553 | O62: 2.1615327 | Q62: 8 | R62: 789040 | S62: 4195500 | U62: =(C7-R62)/($B$2-$Q$57)*90/C7*100 -> 0 | V62: =(D7-S62)/($B$2-$Q$57)*90/D7*100 -> 0
A63: 7 | B63: 691242 | C63: 3906360 | I63: 4 | J63: 3948.4356 | K63: 0.20423379 | L63: 2.2381481 | M63: 12.706342 | N63: 0.05493112 | O63: 2.1615327 | Q63: 7 | R63: 691266 | S63: 3892830 | U63: =(C8-R63)/($B$2-$Q$57)*90/C8*100 -> 0 | V63: =(D8-S63)/($B$2-$Q$57)*90/D8*100 -> 0
A64: 6 | B64: 593424 | C64: 3549500 | I64: 5 | J64: 4931.9739 | K64: 0.25468229 | L64: 2.2427976 | M64: 14.481822 | N64: 0.062606743 | O64: 2.1615327 | Q64: 6 | R64: 594040 | S64: 3533330 | U64: =(C9-R64)/($B$2-$Q$57)*90/C9*100 -> 1.1602081 | V64: =(D9-S64)/($B$2-$Q$57)*90/D9*100 -> -3.1800451
A65: 5 | B65: 494410 | C65: 3186950 | I65: 6 | J65: 5914.202 | K65: 0.30510597 | L65: 2.2456264 | M65: 16.174398 | N65: 0.069923964 | O65: 2.1615327 | Q65: 5 | R65: 494427 | S65: 3176330 | U65: =(C10-R65)/($B$2-$Q$57)*90/C10*100 -> 0 | V65: =(D10-S65)/($B$2-$Q$57)*90/D10*100 -> 0
A66: 4 | B66: 396487 | C66: 2802060 | I66: 7 | J66: 6890.9693 | K66: 0.35527449 | L66: 2.2474805 | M66: 17.822372 | N66: 0.077048364 | O66: 2.1615327 | Q66: 4 | R66: 396493 | S66: 2793140 | U66: =(C11-R66)/($B$2-$Q$57)*90/C11*100 -> 0 | V66: =(D11-S66)/($B$2-$Q$57)*90/D11*100 -> 0
A67: 3 | B67: 298244 | C67: 2214550 | I67: 8 | J67: 7863.1258 | K67: 0.40521194 | L67: 2.2488499 | M67: 19.34214 | N67: 0.083618515 | O67: 2.1615327 | Q67: 3 | R67: 298240 | S67: 2207660 | U67: =(C12-R67)/($B$2-$Q$57)*90/C12*100 -> 0 | V67: =(D12-S67)/($B$2-$Q$57)*90/D12*100 -> 0
A68: 2 | B68: 198994 | C68: 1745600 | I68: 9 | J68: 8832.1617 | K68: 0.45499666 | L68: 2.2498773 | M68: 20.801806 | N68: 0.089928834 | O68: 2.1615327 | Q68: 2 | R68: 198990 | S68: 1740140 | U68: =(C13-R68)/($B$2-$Q$57)*90/C13*100 -> 0 | V68: =(D13-S68)/($B$2-$Q$57)*90/D13*100 -> 0
A69: 1 | B69: 99144 | C69: 1170560 | I69: 10 | J69: 9802.568 | K69: 0.5048632 | L69: 2.2506402 | M69: 22.283173 | N69: 0.096332969 | O69: 2.1615327 | Q69: 1 | R69: 99142 | S69: 1167100 | U69: =(C14-R69)/($B$2-$Q$57)*90/C14*100 -> 0 | V69: =(D14-S69)/($B$2-$Q$57)*90/D14*100 -> 0
A70: 0 | Q70: 0
A71: 9173/1962 | R71: 9173/1962
A72: Range 3Z | R72: Range 3Z
A73: 10 | B73: 980098 | C73: 2228210 | Q73: 10 | R73: 980229 | S73: 2219460 | U73: =(C18-R73)/($B$2-$Q$57)*90/C18*100 -> 0 | V73: =(D18-S73)/($B$2-$Q$57)*90/D18*100 -> 0
A74: 9 | B74: 883073 | C74: 2080080 | Q74: 9 | R74: 883184 | S74: 2071200 | U74: =(C19-R74)/($B$2-$Q$57)*90/C19*100 -> 0 | V74: =(D19-S74)/($B$2-$Q$57)*90/D19*100 -> 0
A75: 8 | B75: 786185 | C75: 1934120 | I75: Tap | J75: Inductance | K75: Uncertainty | L75: Coverage | M75: Resistance | N75: Uncertainty | O75: Coverage | Q75: 8 | R75: 786268 | S75: 1925567 | U75: =(C20-R75)/($B$2-$Q$57)*90/C20*100 -> 0 | V75: =(D20-S75)/($B$2-$Q$57)*90/D20*100 -> 0
A76: 7 | B76: 688985 | C76: 1782150 | J76: (mH) | K76: (mH) | L76: Factor | M76: (W) | N76: (W) | O76: Factor | Q76: 7 | R76: 689049 | S76: 1774060 | U76: =(C21-R76)/($B$2-$Q$57)*90/C21*100 -> 0 | V76: =(D21-S76)/($B$2-$Q$57)*90/D21*100 -> 0
A77: 6 | B77: 591324 | C77: 1617360 | I77: 1 | J77: 99.161963 | K77: 0.0057278827 | L77: 2.0996201 | M77: 1.1706227 | N77: 0.0050607496 | O77: 2.1615327 | Q77: 6 | R77: 591383 | S77: 1609810 | U77: =(C22-R77)/($B$2-$Q$57)*90/C22*100 -> 0 | V77: =(D22-S77)/($B$2-$Q$57)*90/D22*100 -> 0
A78: 5 | B78: 493117 | C78: 1448110 | I78: 2 | J78: 199.02804 | K78: 0.010708552 | L78: 2.1618213 | M78: 1.7456886 | N78: 0.007546832 | O78: 2.1615327 | Q78: 5 | R78: 493158 | S78: 1441300 | U78: =(C23-R78)/($B$2-$Q$57)*90/C23*100 -> 0 | V78: =(D23-S78)/($B$2-$Q$57)*90/D23*100 -> 0
A79: 4 | B79: 394779 | C79: 1270570 | I79: 3 | J79: 298.29402 | K79: 0.015774484 | L79: 2.1887868 | M79: 2.2146597 | N79: 0.0095742533 | O79: 2.1615327 | Q79: 4 | R79: 394802 | S79: 1264540 | U79: =(C24-R79)/($B$2-$Q$57)*90/C24*100 -> 0 | V79: =(D24-S79)/($B$2-$Q$57)*90/D24*100 -> 0
A80: 3 | B80: 296852 | C80: 1071150 | I80: 4 | J80: 396.55283 | K80: 0.02087215 | L80: 2.1975047 | M80: 2.8021961 | N80: 0.012114248 | O80: 2.1615327 | Q80: 3 | R80: 296830 | S80: 1066030 | U80: =(C25-R80)/($B$2-$Q$57)*90/C25*100 -> 0 | V80: =(D25-S80)/($B$2-$Q$57)*90/D25*100 -> 0
A81: 2 | B81: 198003 | C81: 842150 | I81: 5 | J81: 494.4916 | K81: 0.025900963 | L81: 2.2074307 | M81: 3.1871034 | N81: 0.01377825 | O81: 2.1615327 | Q81: 2 | R81: 198006 | S81: 838110 | U81: =(C26-R81)/($B$2-$Q$57)*90/C26*100 -> 0 | V81: =(D26-S81)/($B$2-$Q$57)*90/D26*100 -> 0
A82: 1 | B82: 99384 | C82: 571790 | I82: 6 | J82: 593.52154 | K82: 0.030990853 | L82: 2.2143257 | M82: 3.5496697 | N82: 0.01534567 | O82: 2.1615327 | Q82: 1 | R82: 99381 | S82: 569116 | U82: =(C27-R82)/($B$2-$Q$57)*90/C27*100 -> 0 | V82: =(D27-S82)/($B$2-$Q$57)*90/D27*100 -> 0
A83: 0 | I83: 7 | J83: 691.35529 | K83: 0.036026377 | L83: 2.2190061 | M83: 3.9065458 | N83: 0.016888491 | O83: 2.1615327 | Q83: 0
I84: 8 | J84: 789.14603 | K84: 0.041051582 | L84: 2.2231444 | M84: 4.2106495 | N84: 0.018203169 | O84: 2.1615327
A85: 33388 | I85: 9 | J85: 887.36284 | K85: 0.046106048 | L85: 2.2260917 | M85: 4.5292938 | N85: 0.019580709 | O85: 2.1615327 | R85: 36749
A86: 9171/1962 | I86: 10 | J86: 984.77052 | K86: 0.051119816 | L86: 2.2284439 | M86: 4.8375777 | N86: 0.020913459 | O86: 2.1615327
A87: Range 2Z | B87: L | C87: R | R87: Tap | S87: Inductance | T87: Uncertainty | U87: Coverage | V87: Resistance | W87: Uncertainty | X87: Coverage
A88: 10 | B88: 1004838 | C88: 4788256 | S88: (mH) | T88: (mH) | U88: Factor | V88: (W) | W88: (W) | X88: Factor
A89: 9 | B89: 904811 | C89: 4485090 | R89: 1 | S89: 994.07002 | T89: 0.054568316 | U89: 2.1524953 | V89: 5.6995265 | W89: 0.024639773 | X89: 2.1615327
A90: 8 | B90: 803682 | C90: 4172580 | R90: 2 | S90: 1990.1204 | T90: 0.10417808 | U90: 2.2106784 | V90: 8.4938522 | W90: 0.036719995 | X90: 2.1615327
A91: 7 | B91: 703119 | C91: 3873825 | R91: 3 | S91: 2973.7887 | T91: 0.15431972 | U91: 2.2297574 | V91: 10.732353 | W91: 0.046397317 | X91: 2.1615327
A92: 6 | B92: 602695 | C92: 3522505 | R92: 4 | S92: 3948.9357 | T92: 0.20425389 | U92: 2.2382268 | V92: 12.66634 | W92: 0.054758187 | X92: 2.1615327
A93: 5 | B93: 501222 | C93: 3164915 | R93: 5 | S93: 4932.724 | T93: 0.25471524 | U93: 2.2428636 | V93: 14.43752 | W93: 0.06241522 | X93: 2.1615327
A94: 4 | B94: 401408 | C94: 2783495 | R94: 6 | S94: 5915.1822 | T94: 0.3051503 | U94: 2.2456871 | V94: 16.122765 | W94: 0.069700751 | X94: 2.1615327
A95: 3 | B95: 301525 | C95: 220245 | R95: 7 | S95: 6892.0394 | T95: 0.35532326 | U95: 2.2475349 | V95: 17.765799 | W95: 0.076803794 | X95: 2.1615327
A96: 2 | B96: 200942 | C96: 1734921 | R96: 8 | S96: 7864.406 | T96: 0.40527138 | U96: 2.2488992 | V96: 19.281318 | W96: 0.08335557 | X96: 2.1615327
A97: 1 | B97: 99878 | C97: 1163301 | R97: 9 | S97: 8833.702 | T97: 0.45506939 | U97: 2.2499222 | V97: 20.737543 | W97: 0.089651017 | X97: 2.1615327
A98: 0 | R98: 10 | S98: 9804.3182 | T98: 0.50494661 | U98: 2.2506817 | V98: 22.21526 | W98: 0.096039372 | X98: 2.1615327
A99: 9173/1962
A100: Range 3Z | B100: L | C100: R
...
