Workbook
Name alpha: #REF!
Name Andeen: #REF!
Name B_331: #REF!
Name b_331_uc: #REF!
Name beta: #REF!
Name C_1: #REF!
Name C_standard_uncertainty: #REF!
Name C_unit_mult: #REF!
Name correction_c: #REF!
Name corrections: #REF!
Name Data: #REF!
Name Date: #REF!
Name frequency: #REF!
Name G_1: #REF!
Name G_2: #REF!
Name G_standard_uncertainty: #REF!
Name G_unit_mult: #REF!
Name history: #REF!
Name Inductance: #REF!
Name L_standard_uncertainty: #REF!
Name L_v: #REF!
Name label: #REF!
Name multiplier: #REF!
Name Nominal_Value: #REF!
Name NominalValue: #REF!
Name Old_date: #REF!
Name Old_Inductance: #REF!
Name Old_Resistance: #REF!
Name Params: #REF!
Name pyvalues: pyUBresults!$Z$2:$AO$28
Name R_4A: #REF!
Name R_4B: #REF!
Name R_4C: #REF!
Name R_standard_uncertainty: #REF!
Name R_v: #REF!
Name Range: #REF!
Name Rangex: #REF!
Name Record: #REF!
Name Reports: #REF!
Name Resistance: #REF!
Name Results: #REF!
Name tag: #REF!
Name Tap_No: #REF!
Name ub_uncertainty: #REF!
Name Uncertainty: #REF!
Name zeros: #REF!

Sheet Commentary
A1: As S21815.xls
A2: Start with S21580a
A3: Update history page for easier plotting.
A4: Copy 'Universal Bridge' from most recent S21814 for RLC standards.
A5: Carefully redefine critical block names.
A6: Alter label structure on Results page, could try to use vlookup to find range zeros on UniversalBridge sheet?
A7: Replace uncertainty sheet with the uncertainty sheet from S21814
A8: Alter treatment of range 7Y and 6Y by applying corrections as at bottom of Results sheet
A9: Modify Report to pick up corrected results
A11: As S21942.xlsx
A12: Start with S21815.xls
A13: Enter Ubridge calibration data of 7/7/14
... A72: Delete inductance pages
A73: Create history for this muirhead set | E73: 365442 | F73: 1.0 µF
E74: 365383 | F74: 0.1 µF
E75: 365381 | F75: 0.01 µF
E76: 365391 | F76: 0.001µF
E77: 365396 | F77: 0.0005 µF

Sheet pyUBreadings
A1: Template for capacitors
A3: Capacitors | B3: Babcock Muihead Capacitors | E3: Client | F3: Babcock | K3: Enter, say, 5 ppp as 5e-6
A4: Date | B4: 45819 | E4: Job number | F4: MSLJOB-3203 | K4: 1 sigma uncertainties from specifications
E5: S Number | F5: S22175
D6: Data from lab book | H6: Data from specifications and other sources
A7: Item | B7: Nominal Frequency | C7: Range | D7: xdial | E7: rdial | F7: Frequency | G7: Temperature | H7: u | I7: df | J7: Temp coeff C | K7: u | L7: df | M7: Temp coeff R | N7: u | O7: df | P7: Other | Q7: u | R7: df
B8: Hz | F8: Hz | G8: °C
A9: GR1000A | B9: 1.6k | C9: 6Y | D9: 999900 | E9: -176 | F9: 1593.03 | G9: 20.44 | H9: 0.2 | I9: 10 | J9: 0 | K9: 0 | L9: 10 | M9: 0 | N9: 0 | O9: 10
A10: GR1000B | B10: 1.6k | C10: 6Y | D10: 999884 | E10: -176 | F10: 1592.98 | G10: 20.44 | H10: 0.2 | I10: 10 | J10: 0 | K10: 0 | L10: 10 | M10: 0 | N10: 0 | O10: 10
A11: coax zero | B11: 1.6k | C11: 6Y | D11: -1 | E11: 13 | F11: 1592.95 | G11: 20.44 | H11: 0.25 | I11: 10 | J11: 0 | K11: 0 | L11: 10 | M11: 0 | N11: 0 | O11: 10
A12: M1 | B12: 1.6k | C12: 3Y | D12: 999815 | E12: 595 | F12: 1595.86 | G12: 21.06 | H12: 0.25 | I12: 10 | J12: 0 | K12: 2.5e-05 | L12: 10 | M12: 0 | N12: 0.0001 | O12: 10
A13: M1zero | B13: 1.6k | C13: 3Y | D13: 1 | E13: -1 | F13: 1595.78 | G13: 21.15 | H13: 0.25 | I13: 10 | J13: 0 | K13: 0 | L13: 10 | M13: 0 | N13: 0 | O13: 10
A14: M0.1 | B14: 1.6k | C14: 4Y | D14: 1001019 | E14: 600 | F14: 1594.94 | G14: 20.94 | H14: 0.25 | I14: 10 | J14: 0 | K14: 2.5e-05 | L14: 10 | M14: 0 | N14: 0.0001 | O14: 10
A15: M0.1zero | B15: 1.6k | C15: 4Y | D15: 9 | E15: 0 | F15: 1594.63 | G15: 20.87 | H15: 0.25 | I15: 10 | J15: 0 | K15: 0 | L15: 10 | M15: 0 | N15: 0 | O15: 10
A16: M0.01 | B16: 1.6k | C16: 5Y | D16: 999267 | E16: 653 | F16: 1594.19 | G16: 20.89 | H16: 0.25 | I16: 10 | J16: 0 | K16: 2.5e-05 | L16: 10 | M16: 0 | N16: 0.0001 | O16: 10
A17: M0.01zero | B17: 1.6k | C17: 5Y | D17: 97 | E17: 3 | F17: 1593.95 | G17: 20.85 | H17: 0.25 | I17: 10 | J17: 0 | K17: 0 | L17: 10 | M17: 0 | N17: 0 | O17: 10
A18: M0.001 | B18: 1.6k | C18: 6Y | D18: 988944 | E18: 183 | F18: 1593.22 | G18: 21.12 | H18: 0.25 | I18: 10 | J18: 0 | K18: 2.5e-05 | L18: 10 | M18: 0 | N18: 0.0001 | O18: 10
A19: M0.001zero | B19: 1.6k | C19: 6Y | D19: 1080 | E19: 12 | F19: 1593.15 | G19: 21.1 | H19: 0.25 | I19: 10 | J19: 0 | K19: 0 | L19: 10 | M19: 0 | N19: 0 | O19: 10
A20: M0.0005 | B20: 1.6k | C20: 6Y | D20: 491422 | E20: 313 | F20: 1593.08 | G20: 21.04 | H20: 0.25 | I20: 10 | J20: 0 | K20: 2.5e-05 | L20: 10 | M20: 0 | N20: 0.0001 | O20: 10
... A24: coax zero | B24: 1.6k | C24: 5Y | D24: 0 | E24: 0 | F24: 1600 | G24: 20 | H24: 0.25 | I24: 10 | J24: 0 | K24: 0 | L24: 10 | M24: 0 | N24: 0 | O24: 10

Sheet pyUBresults
A1: Item | B1: Label | C1: Range | D1: xDial | E1: rDial | F1: frequency | G1: temperature | H1: utemp | I1: dftemp | J1: alphax | K1: ualphax | L1: dfalphax | M1: alphar | N1: ualphar | O1: dfalphr | P1: x | Q1: ux | R1: kx | S1: r | T1: ur | U1: kr | V1: cmcx | W1: cmcr | X1: ux/cmcx | Y1: ur/cmcr | Z1: label | AA1: nF | AD1: S | AG1: zero corrected cap | AJ1: zero corrected G | AM1: tan delta | AP1: series R | AQ1: 0.01 | AS1: definition, 0.1 pF
A2: GR1000A | B2: 1.6k | C2: 6Y | D2: 999900 | E2: -176 | F2: 1593.03 | G2: 20.44 | H2: 0.2 | I2: 10 | J2: 0 | K2: 0 | L2: 10 | M2: 0 | N2: 0 | O2: 10 | P2: 1.0000519e-09 | Q2: 3.421677e-14 | R2: 2.1052965 | S2: -1.8900222e-10 | T2: 3.7896429e-10 | U2: 2.2184087 | V2: 2.2126666e-14 | W2: 2.7296743e-10 | Z2: =A2&B2 -> GR1000A1.6k | AA2: =P2*1000000000 -> 1.0000519 | AB2: =Q2*1000000000 -> 3.421677e-05 | AC2: =R2 -> 2.1052965 | AD2: =S2 -> -1.8900222e-10 | AE2: =T2 -> 3.7896429e-10 | AF2: =U2 -> 2.2184087 | AG2: nF | AJ2: S | AM2: mrad
A3: GR1000B | B3: 1.6k | C3: 6Y | D3: 999884 | E3: -176 | F3: 1592.98 | G3: 20.44 | H3: 0.2 | I3: 10 | J3: 0 | K3: 0 | L3: 10 | M3: 0 | N3: 0 | O3: 10 | P3: 1.0000359e-09 | Q3: 3.4216233e-14 | R3: 2.1052963 | S3: -1.8900222e-10 | T3: 3.7893469e-10 | U3: 2.2184071 | V3: 2.2126318e-14 | W3: 2.7295454e-10 | X3: =Q3/V3 -> 1.5464043 | Y3: =T3/W3 -> 1.3882703 | Z3: =A3&B3 -> GR1000B1.6k | AA3: =P3*1000000000 -> 1.0000359 | AB3: =Q3*1000000000 -> 3.4216233e-05 | AC3: =R3 -> 2.1052963 | AD3: =S3 -> -1.8900222e-10 | AE3: =T3 -> 3.7893469e-10 | AF3: =U3 -> 2.2184071
A4: coax zero | B4: 1.6k | C4: 6Y | D4: -1 | E4: 13 | F4: 1592.95 | G4: 20.44 | H4: 0.25 | I4: 10 | J4: 0 | K4: 0 | L4: 10 | M4: 0 | N4: 0 | O4: 10 | P4: 0 | Q4: 0 | R4: 0 | S4: 0 | T4: 0 | U4: 0 | V4: 1.2553122e-16 | W4: 2.7021057e-12 | Z4: =A4&B4 -> coax zero1.6k | AA4: =P4*1000000000 -> 0 | AB4: =Q4*1000000000 -> 0 | AC4: =R4 -> 0 | AD4: =S4 -> 0 | AE4: =T4 -> 0 | AF4: =U4 -> 0 | AQ4: uG | AS4: uC(nF)
A5: M1 | B5: 1.6k | C5: 3Y | D5: 999815 | E5: 595 | F5: 1595.86 | G5: 21.06 | H5: 0.25 | I5: 10 | J5: 0 | K5: 2.5e-05 | L5: 10 | M5: 0 | N5: 0.0001 | O5: 10 | P5: 9.9990655e-07 | Q5: 7.1465247e-11 | R5: 2.0857835 | S5: 5.949717e-07 | T5: 3.8024261e-07 | U5: 2.2184977 | V5: 2.1998069e-11 | W5: 2.7070868e-07 | X5: =Q5/V5 -> 3.2487054 | Y5: =T5/W5 -> 1.4046192 | Z5: =A5&B5 -> M11.6k | AA5: =P5*1000000000 -> 999.90655 | AB5: =Q5*1000000000 -> 0.071465247 | AC5: =R5 -> 2.0857835 | AD5: =S5 -> 5.949717e-07 | AE5: =T5 -> 3.8024261e-07 | AF5: =U5 -> 2.2184977 | AG5: =AA5-AA6 -> 999.90555 | AH5: =SQRT(SUMSQ(AB5:AB6,AS5)) -> 0.071601349 | AI5: =AC5 -> 2.0857835 | AJ5: =AD5-AD6 -> 5.9597165e-07 | AK5: =SQRT(SUMSQ(AE5:AE6,AQ5)) -> 1.070585e-06 | AL5: =AF5 -> 2.2184977 | AM5: =ATAN(AJ5/(10000*AG5*0.000000001)*1000) -> 0.059532365 | AN5: =ATAN(AK5/(10000*AG5*0.000000001)*1000) -> 0.10666227 | AO5: =AL5 -> 2.2184977 | AQ5: =(10000*AG5*0.000000001)^2*AQ$1 -> 9.9981111e-07 | AS5: =0.1/1000 -> 0.0001
A6: M1zero | B6: 1.6k | C6: 3Y | D6: 1 | E6: -1 | F6: 1595.78 | G6: 21.15 | H6: 0.25 | I6: 10 | J6: 0 | K6: 0 | L6: 10 | M6: 0 | N6: 0 | O6: 10 | P6: 1.0000916e-12 | Q6: 4.4115298e-12 | R6: 2.0226678 | S6: -9.9995243e-10 | T6: 4.4109161e-08 | U6: 2.0226678 | V6: 1.4733257e-16 | W6: 2.9779195e-12 | Z6: =A6&B6 -> M1zero1.6k | AA6: =P6*1000000000 -> 0.0010000916 | AB6: =Q6*1000000000 -> 0.0044115298 | AC6: =R6 -> 2.0226678 | AD6: =S6 -> -9.9995243e-10 | AE6: =T6 -> 4.4109161e-08 | AF6: =U6 -> 2.0226678
A7: M0.1 | B7: 1.6k | C7: 4Y | D7: 1001019 | E7: 600 | F7: 1594.94 | G7: 20.94 | H7: 0.25 | I7: 10 | J7: 0 | K7: 2.5e-05 | L7: 10 | M7: 0 | N7: 0.0001 | O7: 10 | P7: 1.0011107e-07 | Q7: 6.6395846e-12 | R7: 2.0724024 | S7: 5.9997146e-08 | T7: 3.802619e-08 | U7: 2.2184964 | V7: 2.2025688e-12 | W7: 2.7090277e-08 | X7: =Q7/V7 -> 3.0144731 | Y7: =T7/W7 -> 1.403684 | Z7: =A7&B7 -> M0.11.6k | AA7: =P7*1000000000 -> 100.11107 | AB7: =Q7*1000000000 -> 0.0066395846 | AC7: =R7 -> 2.0724024 | AD7: =S7 -> 5.9997146e-08 | AE7: =T7 -> 3.802619e-08 | AF7: =U7 -> 2.2184964 | AG7: =AA7-AA8 -> 100.11017 | AH7: =SQRT(SUMSQ(AB7:AB8,AS7)) -> 0.00665498 | AI7: =AC7 -> 2.0724024 | AJ7: =AD7-AD8 -> 5.9997146e-08 | AK7: =SQRT(SUMSQ(AE7:AE8,AQ7)) -> 3.9571386e-08 | AL7: =AF7 -> 2.2184964 | AM7: =ATAN(AJ7/(10000*AG7*0.000000001)*1000) -> 0.059859524 | AN7: =ATAN(AK7/(10000*AG7*0.000000001)*1000) -> 0.039507273 | AO7: =AL7 -> 2.2184964 | AQ7: =(10000*AG7*0.000000001)^2*AQ$1 -> 1.0022045e-08 | AS7: =0.1/1000 -> 0.0001
A8: M0.1zero | B8: 1.6k | C8: 4Y | D8: 9 | E8: 0 | F8: 1594.63 | G8: 20.87 | H8: 0.25 | I8: 10 | J8: 0 | K8: 0 | L8: 10 | M8: 0 | N8: 0 | O8: 10 | P8: 9.0008241e-13 | Q8: 4.4122008e-13 | R8: 2.0226729 | S8: 0 | T8: 4.4115869e-09 | U8: 2.0226729 | V8: 1.4522276e-16 | W8: 2.9487187e-12 | Z8: =A8&B8 -> M0.1zero1.6k | AA8: =P8*1000000000 -> 0.00090008241 | AB8: =Q8*1000000000 -> 0.00044122008 | AC8: =R8 -> 2.0226729 | AD8: =S8 -> 0 | AE8: =T8 -> 4.4115869e-09 | AF8: =U8 -> 2.0226729
A9: M0.01 | B9: 1.6k | C9: 5Y | D9: 999267 | E9: 653 | F9: 1594.19 | G9: 20.89 | H9: 0.25 | I9: 10 | J9: 0 | K9: 2.5e-05 | L9: 10 | M9: 0 | N9: 0.0001 | O9: 10 | P9: 9.993585e-09 | Q9: 6.4228445e-13 | R9: 2.0667798 | S9: 6.5296894e-09 | T9: 3.7924768e-09 | U9: 2.2184441 | V9: 2.1998433e-13 | W9: 2.7054492e-09 | X9: =Q9/V9 -> 2.9196828 | Y9: =T9/W9 -> 1.4017919 | Z9: =A9&B9 -> M0.011.6k | AA9: =P9*1000000000 -> 9.993585 | AB9: =Q9*1000000000 -> 0.00064228445 | AC9: =R9 -> 2.0667798 | AD9: =S9 -> 6.5296894e-09 | AE9: =T9 -> 3.7924768e-09 | AF9: =U9 -> 2.2184441 | AG9: =AA9-AA10 -> 9.9926149 | AH9: =SQRT(SUMSQ(AB9:AB10,AS9)) -> 0.00065151855 | AI9: =AC9 -> 2.0667798 | AJ9: =AD9-AD10 -> 6.4996908e-09 | AK9: =SQRT(SUMSQ(AE9:AE10,AQ9)) -> 3.8193595e-09 | AL9: =AF9 -> 2.2184441 | AM9: =ATAN(AJ9/(10000*AG9*0.000000001)*1000) -> 0.064953445 | AN9: =ATAN(AK9/(10000*AG9*0.000000001)*1000) -> 0.038203225 | AO9: =AL9 -> 2.2184441 | AQ9: =(10000*AG9*0.000000001)^2*AQ$1 -> 9.9852353e-11 | AS9: =0.1/1000 -> 0.0001
A10: M0.01zero | B10: 1.6k | C10: 5Y | D10: 97 | E10: 3 | F10: 1593.95 | G10: 20.85 | H10: 0.25 | I10: 10 | J10: 0 | K10: 0 | L10: 10 | M10: 0 | N10: 0 | O10: 10 | P10: 9.7008882e-13 | Q10: 4.412599e-14 | R10: 2.0226759 | S10: 2.9998573e-11 | T10: 4.4119852e-10 | U10: 2.0226759 | V10: 1.468164e-16 | W10: 2.9663915e-12 | Z10: =A10&B10 -> M0.01zero1.6k | AA10: =P10*1000000000 -> 0.00097008882 | AB10: =Q10*1000000000 -> 4.412599e-05 | AC10: =R10 -> 2.0226759 | AD10: =S10 -> 2.9998573e-11 | AE10: =T10 -> 4.4119852e-10 | AF10: =U10 -> 2.0226759
A11: M0.001 | B11: 1.6k | C11: 6Y | D11: 988944 | E11: 183 | F11: 1593.22 | G11: 21.12 | H11: 0.25 | I11: 10 | J11: 0 | K11: 2.5e-05 | L11: 10 | M11: 0 | N11: 0.0001 | O11: 10 | P11: 9.8909422e-10 | Q11: 7.3342528e-14 | R11: 2.0922643 | S11: 1.70002e-10 | T11: 3.749333e-10 | U11: 2.2182037 | V11: 2.1885583e-14 | W11: 2.7003832e-10 | X11: =Q11/V11 -> 3.35118 | Y11: =T11/W11 -> 1.3884448 | Z11: =A11&B11 -> M0.0011.6k | AA11: =P11*1000000000 -> 0.98909422 | AB11: =Q11*1000000000 -> 7.3342528e-05 | AC11: =R11 -> 2.0922643 | AD11: =S11 -> 1.70002e-10 | AE11: =T11 -> 3.749333e-10 | AF11: =U11 -> 2.2182037 | AG11: =AA11-AA12 -> 0.98801305 | AH11: =SQRT(SUMSQ(AB11:AB12,AS11)) -> 0.00012409126 | AI11: =AC11 -> 2.0922643 | AJ11: =AD11-AD12 -> 1.7100201e-10 | AK11: =SQRT(SUMSQ(AE11:AE12,AQ11)) -> 3.7752731e-10 | AL11: =AF11 -> 2.2182037 | AM11: =ATAN(AJ11/(10000*AG11*0.000000001)*1000) -> 0.017305939 | AN11: =ATAN(AK11/(10000*AG11*0.000000001)*1000) -> 0.038192181 | AO11: =AL11 -> 2.2182037 | AQ11: =(10000*AG11*0.000000001)^2*AQ$1 -> 9.761698e-13 | AS11: =0.1/1000 -> 0.0001
A12: M0.001zero | B12: 1.6k | C12: 6Y | D12: 1080 | E12: 12 | F12: 1593.15 | G12: 21.1 | H12: 0.25 | I12: 10 | J12: 0 | K12: 0 | L12: 10 | M12: 0 | N12: 0 | O12: 10 | P12: 1.0811631e-12 | Q12: 4.4175509e-15 | R12: 2.022702 | S12: -1.0000117e-12 | T12: 4.4169495e-11 | U12: 2.0227011 | V12: 1.4930104e-16 | W12: 2.9946526e-12 | Z12: =A12&B12 -> M0.001zero1.6k | AA12: =P12*1000000000 -> 0.0010811631 | AB12: =Q12*1000000000 -> 4.4175509e-06 | AC12: =R12 -> 2.022702 | AD12: =S12 -> -1.0000117e-12 | AE12: =T12 -> 4.4169495e-11 | AF12: =U12 -> 2.0227011
A13: M0.0005 | B13: 1.6k | C13: 6Y | D13: 491422 | E13: 313 | F13: 1593.08 | G13: 21.04 | H13: 0.25 | I13: 10 | J13: 0 | K13: 2.5e-05 | L13: 10 | M13: 0 | N13: 0.0001 | O13: 10 | P13: 4.9149715e-10 | Q13: 3.4866509e-14 | R13: 2.0802473 | S13: 3.0000352e-10 | T13: 1.8865482e-10 | U13: 2.1914036 | V13: 1.0938458e-14 | W13: 1.3553418e-10 | X13: =Q13/V13 -> 3.1875158 | Y13: =T13/W13 -> 1.3919354 | Z13: =A13&B13 -> M0.00051.6k | AA13: =P13*1000000000 -> 0.49149715 | AB13: =Q13*1000000000 -> 3.4866509e-05 | AC13: =R13 -> 2.0802473 | AD13: =S13 -> 3.0000352e-10 | AE13: =T13 -> 1.8865482e-10 | AF13: =U13 -> 2.1914036 | AG13: =AA13-AA14 -> 0.490528 | AH13: =SQRT(SUMSQ(AB13:AB14,AS13)) -> 0.00010599618 | AI13: =AC13 -> 2.0802473 | AJ13: =AD13-AD14 -> 3.0000352e-10 | AK13: =SQRT(SUMSQ(AE13:AE14,AQ13)) -> 1.9375724e-10 | AL13: =AF13 -> 2.1914036 | AM13: =ATAN(AJ13/(10000*AG13*0.000000001)*1000) -> 0.061083222 | AN13: =ATAN(AK13/(10000*AG13*0.000000001)*1000) -> 0.039479207 | AO13: =AL13 -> 2.1914036 | AQ13: =(10000*AG13*0.000000001)^2*AQ$1 -> 2.4061772e-13 | AS13: =0.1/1000 -> 0.0001
A14: M0.0005zero | B14: 1.6k | C14: 6Y | D14: 968 | E14: 13 | F14: 1592.67 | G14: 21.03 | H14: 0.25 | I14: 10 | J14: 0 | K14: 0 | L14: 10 | M14: 0 | N14: 0 | O14: 10 | P14: 9.6914621e-13 | Q14: 4.4178075e-15 | R14: 2.0227058 | S14: 0 | T14: 4.4172033e-11 | U14: 2.0227051 | V14: 1.4687451e-16 | W14: 2.9634845e-12 | Z14: =A14&B14 -> M0.0005zero1.6k | AA14: =P14*1000000000 -> 0.00096914621 | AB14: =Q14*1000000000 -> 4.4178075e-06 | AC14: =R14 -> 2.0227058 | AD14: =S14 -> 0 | AE14: =T14 -> 4.4172033e-11 | AF14: =U14 -> 2.0227051
A15: coax zero | B15: 1.6k | C15: 3Y | D15: 0 | E15: 0 | F15: 1600 | G15: 20 | H15: 0.25 | I15: 10 | J15: 0 | K15: 0 | L15: 10 | M15: 0 | N15: 0 | O15: 10 | P15: 0 | Q15: 0 | R15: 0 | S15: 0 | T15: 0 | U15: 0 | V15: 1.25e-16 | W15: 0 | X15: =Q15/V15 -> 0 | Y15: =T15/W15 -> #DIV/0! | Z15: =A15&B15 -> coax zero1.6k | AA15: =P15*1000000000 -> 0 | AB15: =Q15*1000000000 -> 0 | AC15: =R15 -> 0 | AD15: =S15 -> 0 | AE15: =T15 -> 0 | AF15: =U15 -> 0
A16: coax zero | B16: 1.6k | C16: 4Y | D16: 0 | E16: 0 | F16: 1600 | G16: 20 | H16: 0.25 | I16: 10 | J16: 0 | K16: 0 | L16: 10 | M16: 0 | N16: 0 | O16: 10 | P16: 0 | Q16: 0 | R16: 0 | S16: 0 | T16: 0 | U16: 0 | V16: 1.25e-16 | W16: 0 | X16: =Q16/V16 -> 0 | Y16: =T16/W16 -> #DIV/0! | Z16: =A16&B16 -> coax zero1.6k | AA16: =P16*1000000000 -> 0 | AB16: =Q16*1000000000 -> 0 | AC16: =R16 -> 0 | AD16: =S16 -> 0 | AE16: =T16 -> 0 | AF16: =U16 -> 0
A17: coax zero | B17: 1.6k | C17: 5Y | D17: 0 | E17: 0 | F17: 1600 | G17: 20 | H17: 0.25 | I17: 10 | J17: 0 | K17: 0 | L17: 10 | M17: 0 | N17: 0 | O17: 10 | P17: 0 | Q17: 0 | R17: 0 | S17: 0 | T17: 0 | U17: 0 | V17: 1.25e-16 | W17: 0 | X17: =Q17/V17 -> 0 | Y17: =T17/W17 -> #DIV/0! | Z17: =A17&B17 -> coax zero1.6k | AA17: =P17*1000000000 -> 0 | AB17: =Q17*1000000000 -> 0 | AC17: =R17 -> 0 | AD17: =S17 -> 0 | AE17: =T17 -> 0 | AF17: =U17 -> 0
A30: pasted from muir_capResults.xlsx

Sheet pyReport
C1: Python plus excel approximations | L1: All Python | U1: Differences
C3: Serial Number | D3: Nominal Value (µF) | E3: Capacitance (nF) | F3: Expanded Uncertainty (nF) | G3: k | H3: Loss Angle (mrad) | I3: Expanded Uncertainty (mrad) | J3: k | L3: Serial Number | M3: Nominal Value (µF) | N3: Capacitance (nF) | O3: Expanded Uncertainty (nF) | P3: k | Q3: Loss Angle (mrad) | R3: Expanded Uncertainty (mrad) | S3: k | U3: Serial Number | V3: Nominal Value (µF) | W3: Capacitance (nF) | X3: Expanded Uncertainty (nF) | Y3: k | Z3: Loss Angle (mrad) | AA3: Expanded Uncertainty (mrad) | AB3: k
A4: M11.6k | C4: 365442 | D4: 1 | E4: =VLOOKUP(A4,pyvalues,8,FALSE) -> 999.90555 | F4: =VLOOKUP(A4,pyvalues,9,FALSE) -> 0.071601349 | G4: =VLOOKUP(A4,pyvalues,10,FALSE) -> 2.0857835 | H4: =VLOOKUP(A4,pyvalues,14,FALSE) -> 0.059532365 | I4: =VLOOKUP(A4,pyvalues,15,FALSE) -> 0.10666227 | J4: =VLOOKUP(A4,pyvalues,16,FALSE) -> 2.2184977 | L4: 365442 | M4: 1 | N4: =N14*1000000000 -> 999.90555 | O4: =O14*1000000000 -> 0.071465409 | P4: =P14 -> 2.0857818 | Q4: =T14 -> 0.059602794 | R4: =U14 -> 0.11481977 | S4: =V14 -> 2.172469 | U4: =C4-L4 -> 0 | V4: =D4-M4 -> 0 | W4: =E4-N4 -> 0 | X4: =F4-O4 -> 0.00013594027 | Y4: =G4-P4 -> 1.6593716e-06 | Z4: =H4-Q4 -> -7.0429375e-05 | AA4: =I4-R4 -> -0.0081574962 | AB4: =J4-S4 -> 0.046028733
A5: M0.11.6k | C5: 365383 | D5: 0.1 | E5: =VLOOKUP(A5,pyvalues,8,FALSE) -> 100.11017 | F5: =VLOOKUP(A5,pyvalues,9,FALSE) -> 0.00665498 | G5: =VLOOKUP(A5,pyvalues,10,FALSE) -> 2.0724024 | H5: =VLOOKUP(A5,pyvalues,14,FALSE) -> 0.059859524 | I5: =VLOOKUP(A5,pyvalues,15,FALSE) -> 0.039507273 | J5: =VLOOKUP(A5,pyvalues,16,FALSE) -> 2.2184964 | L5: 365383 | M5: 0.1 | N5: =N15*1000000000 -> 100.11017 | O5: =O15*1000000000 -> 0.0066402115 | P5: =P15 -> 2.0723439 | Q5: =T15 -> 0.059931122 | R5: =U15 -> 0.038837283 | S5: =V15 -> 2.1771754 | U5: =C5-L5 -> 0 | V5: =D5-M5 -> 0 | W5: =E5-N5 -> 0 | X5: =F5-O5 -> 1.476847e-05 | Y5: =G5-P5 -> 5.8525465e-05 | Z5: =H5-Q5 -> -7.1598019e-05 | AA5: =I5-R5 -> 0.00066998973 | AB5: =J5-S5 -> 0.041321037
A6: M0.011.6k | C6: 365381 | D6: 0.01 | E6: =VLOOKUP(A6,pyvalues,8,FALSE) -> 9.9926149 | F6: =VLOOKUP(A6,pyvalues,9,FALSE) -> 0.00065151855 | G6: =VLOOKUP(A6,pyvalues,10,FALSE) -> 2.0667798 | H6: =VLOOKUP(A6,pyvalues,14,FALSE) -> 0.064953445 | I6: =VLOOKUP(A6,pyvalues,15,FALSE) -> 0.038203225 | J6: =VLOOKUP(A6,pyvalues,16,FALSE) -> 2.2184441 | L6: 365381 | M6: 0.01 | N6: =N16*1000000000 -> 9.9926149 | O6: =O16*1000000000 -> 0.00064882592 | P6: =P16 -> 2.0613654 | Q6: =T16 -> 0.065044944 | R6: =U16 -> 0.037957107 | S6: =V16 -> 2.2179338 | U6: =C6-L6 -> 0 | V6: =D6-M6 -> 0 | W6: =E6-N6 -> 0 | X6: =F6-O6 -> 2.6926338e-06 | Y6: =G6-P6 -> 0.0054144233 | Z6: =H6-Q6 -> -9.1499435e-05 | AA6: =I6-R6 -> 0.00024611817 | AB6: =J6-S6 -> 0.00051034459
A7: M0.0011.6k | C7: 365391 | D7: 0.001 | E7: =VLOOKUP(A7,pyvalues,8,FALSE) -> 0.98801305 | F7: =VLOOKUP(A7,pyvalues,9,FALSE) -> 0.00012409126 | G7: =VLOOKUP(A7,pyvalues,10,FALSE) -> 2.0922643 | H7: =VLOOKUP(A7,pyvalues,14,FALSE) -> 0.017305939 | I7: =VLOOKUP(A7,pyvalues,15,FALSE) -> 0.038192181 | J7: =VLOOKUP(A7,pyvalues,16,FALSE) -> 2.2182037 | L7: 365391 | M7: 0.001 | N7: =N17*1000000000 -> 0.98801305 | O7: =O17*1000000000 -> 0.00012747358 | P7: =P17 -> 2.087705 | Q7: =T17 -> 0.017307667 | R7: =U17 -> 0.037907136 | S7: =V17 -> 2.2181783 | U7: =C7-L7 -> 0 | V7: =D7-M7 -> 0 | W7: =E7-N7 -> 0 | X7: =F7-O7 -> -3.3823164e-06 | Y7: =G7-P7 -> 0.004559282 | Z7: =H7-Q7 -> -1.727889e-06 | AA7: =I7-R7 -> 0.00028504543 | AB7: =J7-S7 -> 2.5417928e-05
A8: M0.00051.6k | C8: 365396 | D8: 0.0005 | E8: =VLOOKUP(A8,pyvalues,8,FALSE) -> 0.490528 | F8: =VLOOKUP(A8,pyvalues,9,FALSE) -> 0.00010599618 | G8: =VLOOKUP(A8,pyvalues,10,FALSE) -> 2.0802473 | H8: =VLOOKUP(A8,pyvalues,14,FALSE) -> 0.061083222 | I8: =VLOOKUP(A8,pyvalues,15,FALSE) -> 0.039479207 | J8: =VLOOKUP(A8,pyvalues,16,FALSE) -> 2.1914036 | L8: 365396 | M8: 0.0005 | N8: =N18*1000000000 -> 0.490528 | O8: =O18*1000000000 -> 0.00011458615 | P8: =P18 -> 2.1729882 | Q8: =T18 -> 0.061159306 | R8: =U18 -> 0.038386452 | S8: =V18 -> 2.1912721 | U8: =C8-L8 -> 0 | V8: =D8-M8 -> 0 | W8: =E8-N8 -> 0 | X8: =F8-O8 -> -8.5899678e-06 | Y8: =G8-P8 -> -0.092740939 | Z8: =H8-Q8 -> -7.6083903e-05 | AA8: =I8-R8 -> 0.0010927554 | AB8: =J8-S8 -> 0.00013158212
N13: pasted from muirhead_tand.xlsx
N14: 9.9990555e-07 | O14: 7.1465409e-11 | P14: 2.0857818 | Q14: 5.9597165e-07 | R14: 3.8024385e-07 | S14: 2.2184875 | T14: 0.059602794 | U14: 0.11481977 | V14: 2.172469
N15: 1.0011017e-07 | O15: 6.6402115e-12 | P15: 2.0723439 | Q15: 5.9997146e-08 | R15: 3.8026056e-08 | S15: 2.2184833 | T15: 0.059931122 | U15: 0.038837283 | V15: 2.1771754
N16: 9.9926149e-09 | O16: 6.4882592e-13 | P16: 2.0613654 | Q16: 6.4996908e-09 | R16: 3.7921348e-09 | S16: 2.2184275 | T16: 0.065044944 | U16: 0.037957107 | V16: 2.2179338
N17: 9.8801305e-10 | O17: 1.2747358e-13 | P17: 2.087705 | Q17: 1.7100201e-10 | R17: 3.745267e-10 | S17: 2.2181831 | T17: 0.017307667 | U17: 0.037907136 | V17: 2.2181783
N18: 4.90528e-10 | O18: 1.1458615e-13 | P18: 2.1729882 | Q18: 3.0000352e-10 | R18: 1.8829619e-10 | S18: 2.1912731 | T18: 0.061159306 | U18: 0.038386452 | V18: 2.1912721

Sheet CapHist
D4: 1 μF | H4: 100 nF | L4: 10 nF | P4: 1 nF | T4: 500 pF
D5: Cap | E5: Ucap | F5: loss | G5: Uloss | H5: Cap | I5: Ucap | J5: loss | K5: Uloss | L5: Cap | M5: Ucap | N5: loss | O5: Uloss | P5: Cap | Q5: Ucap | R5: loss | S5: Uloss | T5: Cap | U5: Ucap | V5: loss | W5: Uloss
B6: S21067 | C6: 34982 | D6: 0.99984898 | E6: 0.00012 | F6: 0.071008239 | G6: 0.039380639 | H6: 100.09051 | I6: 0.012349221 | J6: 0.085919227 | K6: 0.039380639 | L6: 9.99265 | M6: 0.0015144856 | N6: 0.094069141 | O6: 0.10942477 | P6: 0.987944 | Q6: 0.00018139725 | R6: 0.038463719 | S6: 0.10942477 | T6: 490.4 | U6: 0.13470489 | V6: 0.10195759 | W6: 0.10942477
B7: S21438 | C7: 37224 | D7: 0.99982966 | E7: 0.00012 | F7: 0.052006703 | G7: 0.039873099 | H7: 100.09067 | I7: 0.012369585 | J7: 0.062840413 | K7: 0.039873099 | L7: 9.9928 | M7: 0.0015144856 | N7: 0.18813546 | O7: 0.10942477 | P7: 0.98796 | Q7: 0.00018139725 | R7: 0.080974938 | S7: 0.10942477 | T7: 490.43 | U7: 0.13470489 | V7: 0.14273189 | W7: 0.10942477
B8: S21759 | C8: 40239 | D8: 0.99984393 | E8: 6e-05 | F8: 0.064606992 | G8: 0.12412227 | H8: 100.097 | I8: 0.006 | J8: 0.058140818 | K8: 0.035704104 | L8: 9.9921189 | M8: 0.0007 | N8: 0.083762009 | O8: 0.034588099 | P8: 0.98810981 | Q8: 0.00012 | R8: 0.02439042 | S8: 0.034606519 | T8: 490.54968 | U8: 0.11 | V8: 0.067476483 | W8: 0.035041246
B9: S21986 | C9: 42614 | D9: 0.99987199 | E9: 6.6167071e-05 | F9: 0.059005867 | G9: 0.12412522 | H9: 100.10351 | I9: 0.0066244554 | J9: 0.059037203 | K9: 0.035662204 | L9: 9.9927095 | M9: 0.00066133368 | N9: 0.063644582 | O9: 0.034547137 | P9: 0.98812338 | Q9: 0.00013006944 | R9: 0.017407349 | S9: 0.034564963 | T9: 490.54172 | U9: 0.12400852 | V9: 0.059324271 | W9: 0.034862319
A10: This spreadsheet | B10: S22175 | C10: =pyUBreadings!$B$4 -> 45819 | D10: =pyReport!N4/1000 -> 0.99990555 | E10: =pyReport!O4/1000 -> 7.1465409e-05 | F10: =pyReport!Q4 -> 0.059602794 | G10: =pyReport!R4 -> 0.11481977 | H10: =pyReport!N5 -> 100.11017 | I10: =pyReport!O5 -> 0.0066402115 | J10: =pyReport!Q5 -> 0.059931122 | K10: =pyReport!R5 -> 0.038837283 | L10: =pyReport!N6 -> 9.9926149 | M10: =pyReport!O6 -> 0.00064882592 | N10: =pyReport!Q6 -> 0.065044944 | O10: =pyReport!R6 -> 0.037957107 | P10: =pyReport!N7 -> 0.98801305 | Q10: =pyReport!O7 -> 0.00012747358 | R10: =pyReport!Q7 -> 0.017307667 | S10: =pyReport!R7 -> 0.037907136 | T10: =pyReport!N8*1000 -> 490.528 | U10: =pyReport!O8*1000 -> 0.11458615 | V10: =pyReport!Q8 -> 0.061159306 | W10: =pyReport!R8 -> 0.038386452
B12: ppm
C13: 34982 | D13: =(D6/1-1)*1000000 -> -151.01879 | E13: =E6/D6*1000000 -> 120.01812 | H13: =(H6/100-1)*1000000 -> 905.06674 | I13: =I6/H6*1000000 -> 123.38055 | L13: =(L6/10-1)*1000000 -> -735 | M13: =M6/L6*1000000 -> 151.55996 | P13: =(P6/1-1)*1000000 -> -12056 | Q13: =Q6/P6*1000000 -> 183.61087 | T13: =(T6/500-1)*1000000 -> -19200 | U13: =U6/T6*1000000 -> 274.68371
C14: 37224 | D14: =(D7/1-1)*1000000 -> -170.34275 | E14: =E7/D7*1000000 -> 120.02044 | H14: =(H7/100-1)*1000000 -> 906.73337 | I14: =I7/H7*1000000 -> 123.58379 | L14: =(L7/10-1)*1000000 -> -720 | M14: =M7/L7*1000000 -> 151.55769 | P14: =(P7/1-1)*1000000 -> -12040 | Q14: =Q7/P7*1000000 -> 183.60789 | T14: =(T7/500-1)*1000000 -> -19140 | U14: =U7/T7*1000000 -> 274.66691
C15: 40239 | D15: =(D8/1-1)*1000000 -> -156.06711 | E15: =E8/D8*1000000 -> 60.009365 | H15: =(H8/100-1)*1000000 -> 970.01165 | I15: =I8/H8*1000000 -> 59.941856 | L15: =(L8/10-1)*1000000 -> -788.11132 | M15: =M8/L8*1000000 -> 70.055211 | P15: =(P8/1-1)*1000000 -> -11890.195 | Q15: =Q8/P8*1000000 -> 121.44399 | T15: =(T8/500-1)*1000000 -> -18900.64 | U15: =U8/T8*1000000 -> 224.23825
C16: 42614 | D16: =(D9/1-1)*1000000 -> -128.006 | E16: =E9/D9*1000000 -> 66.175542 | H16: =(H9/100-1)*1000000 -> 1035.0754 | I16: =I9/H9*1000000 -> 66.176057 | L16: =(L9/10-1)*1000000 -> -729.04807 | M16: =M9/L9*1000000 -> 66.181618 | P16: =(P9/1-1)*1000000 -> -11876.62 | Q16: =Q9/P9*1000000 -> 131.63279 | T16: =(T9/500-1)*1000000 -> -18916.564 | U16: =U9/T9*1000000 -> 252.79913
C17: =pyUBreadings!$B$4 -> 45819 | D17: =(D10/1-1)*1000000 -> -94.450179 | E17: =E10/D10*1000000 -> 71.472159 | H17: =(H10/100-1)*1000000 -> 1101.6593 | I17: =I10/H10*1000000 -> 66.329043 | L17: =(L10/10-1)*1000000 -> -738.50915 | M17: =M10/L10*1000000 -> 64.930544 | P17: =(P10/1-1)*1000000 -> -11986.946 | Q17: =Q10/P10*1000000 -> 129.02013 | T17: =(T10/500-1)*1000000 -> -18943.995 | U17: =U10/T10*1000000 -> 233.59757
